"LOCATION","INDICATOR","SUBJECT","MEASURE","FREQUENCY","TIME","Value","Flag Codes"
"AUS","PENSIONEXP","PRIV","PC_GDP","A","2001",4.3383077522952,
"AUS","PENSIONEXP","PRIV","PC_GDP","A","2002",4.3224082007506,
"AUS","PENSIONEXP","PRIV","PC_GDP","A","2003",4.1452219883181,
"AUS","PENSIONEXP","PRIV","PC_GDP","A","2004",3.5595888442933,
"AUS","PENSIONEXP","PRIV","PC_GDP","A","2005",3.5820244305982,
"AUS","PENSIONEXP","PRIV","PC_GDP","A","2006",3.7741120940235,
"AUS","PENSIONEXP","PRIV","PC_GDP","A","2007",3.2549265519467,
"AUS","PENSIONEXP","PRIV","PC_GDP","A","2008",5.5493509116429,
"AUS","PENSIONEXP","PRIV","PC_GDP","A","2009",4.6470754523573,
"AUS","PENSIONEXP","PRIV","PC_GDP","A","2010",4.5009395621562,
"AUS","PENSIONEXP","PRIV","PC_GDP","A","2011",4.5375381375444,
"AUS","PENSIONEXP","PRIV","PC_GDP","A","2012",4.7829014133837,
"AUS","PENSIONEXP","PRIV","PC_GDP","A","2013",5.0709558027094,
"AUS","PENSIONEXP","PUB","PC_GDP","A","1980",3.593,
"AUS","PENSIONEXP","PUB","PC_GDP","A","1981",3.555,
"AUS","PENSIONEXP","PUB","PC_GDP","A","1982",3.675,
"AUS","PENSIONEXP","PUB","PC_GDP","A","1983",3.627,
"AUS","PENSIONEXP","PUB","PC_GDP","A","1984",3.56,
"AUS","PENSIONEXP","PUB","PC_GDP","A","1985",3.399,
"AUS","PENSIONEXP","PUB","PC_GDP","A","1986",3.291,
"AUS","PENSIONEXP","PUB","PC_GDP","A","1987",3.239,
"AUS","PENSIONEXP","PUB","PC_GDP","A","1988",2.892,
"AUS","PENSIONEXP","PUB","PC_GDP","A","1989",2.843,
"AUS","PENSIONEXP","PUB","PC_GDP","A","1990",3.08,
"AUS","PENSIONEXP","PUB","PC_GDP","A","1991",3.202,
"AUS","PENSIONEXP","PUB","PC_GDP","A","1992",3.203,
"AUS","PENSIONEXP","PUB","PC_GDP","A","1993",3.301,
"AUS","PENSIONEXP","PUB","PC_GDP","A","1994",3.164,
"AUS","PENSIONEXP","PUB","PC_GDP","A","1995",4.344,
"AUS","PENSIONEXP","PUB","PC_GDP","A","1996",4.378,
"AUS","PENSIONEXP","PUB","PC_GDP","A","1997",4.276,
"AUS","PENSIONEXP","PUB","PC_GDP","A","1998",4.363,
"AUS","PENSIONEXP","PUB","PC_GDP","A","1999",4.017,
"AUS","PENSIONEXP","PUB","PC_GDP","A","2000",4.68,
"AUS","PENSIONEXP","PUB","PC_GDP","A","2001",4.08,
"AUS","PENSIONEXP","PUB","PC_GDP","A","2002",3.941,
"AUS","PENSIONEXP","PUB","PC_GDP","A","2003",3.854,
"AUS","PENSIONEXP","PUB","PC_GDP","A","2004",3.895,
"AUS","PENSIONEXP","PUB","PC_GDP","A","2005",3.746,
"AUS","PENSIONEXP","PUB","PC_GDP","A","2006",3.7,
"AUS","PENSIONEXP","PUB","PC_GDP","A","2007",3.866,
"AUS","PENSIONEXP","PUB","PC_GDP","A","2008",3.942,
"AUS","PENSIONEXP","PUB","PC_GDP","A","2009",3.812,
"AUS","PENSIONEXP","PUB","PC_GDP","A","2010",3.766,
"AUS","PENSIONEXP","PUB","PC_GDP","A","2011",3.87,
"AUS","PENSIONEXP","PUB","PC_GDP","A","2012",3.925,
"AUS","PENSIONEXP","PUB","PC_GDP","A","2013",4.101,
"AUS","PENSIONEXP","PUB","PC_GDP","A","2014",4.25,
"AUS","PENSIONEXP","PUB","PC_GDP","A","2015",4.327,
"AUS","PENSIONEXP","PUB","PC_GDP","A","2016",4.176,
"AUT","PENSIONEXP","PRIV","PC_GDP","A","2001",0.17307925597819,
"AUT","PENSIONEXP","PRIV","PC_GDP","A","2002",0.15864591982332,
"AUT","PENSIONEXP","PRIV","PC_GDP","A","2003",0.15114338058314,
"AUT","PENSIONEXP","PRIV","PC_GDP","A","2004",0.16363677603776,
"AUT","PENSIONEXP","PRIV","PC_GDP","A","2005",0.17785907474547,
"AUT","PENSIONEXP","PRIV","PC_GDP","A","2006",0.18260353702745,
"AUT","PENSIONEXP","PRIV","PC_GDP","A","2007",0.27708960314422,
"AUT","PENSIONEXP","PRIV","PC_GDP","A","2008",0.19781917016522,
"AUT","PENSIONEXP","PRIV","PC_GDP","A","2009",0.20091468937944,
"AUT","PENSIONEXP","PRIV","PC_GDP","A","2010",0.22970799437745,
"AUT","PENSIONEXP","PRIV","PC_GDP","A","2013",0.30460770267078,
"AUT","PENSIONEXP","PUB","PC_GDP","A","1980",10.358,
"AUT","PENSIONEXP","PUB","PC_GDP","A","1985",11.275,
"AUT","PENSIONEXP","PUB","PC_GDP","A","1990",11.273,
"AUT","PENSIONEXP","PUB","PC_GDP","A","1991",11.363,
"AUT","PENSIONEXP","PUB","PC_GDP","A","1992",11.43,
"AUT","PENSIONEXP","PUB","PC_GDP","A","1993",11.941,
"AUT","PENSIONEXP","PUB","PC_GDP","A","1994",12.195,
"AUT","PENSIONEXP","PUB","PC_GDP","A","1995",12.206,
"AUT","PENSIONEXP","PUB","PC_GDP","A","1996",12.247,
"AUT","PENSIONEXP","PUB","PC_GDP","A","1997",12.073,
"AUT","PENSIONEXP","PUB","PC_GDP","A","1998",11.968,
"AUT","PENSIONEXP","PUB","PC_GDP","A","1999",11.985,
"AUT","PENSIONEXP","PUB","PC_GDP","A","2000",11.889,
"AUT","PENSIONEXP","PUB","PC_GDP","A","2001",12.038,
"AUT","PENSIONEXP","PUB","PC_GDP","A","2002",12.121,
"AUT","PENSIONEXP","PUB","PC_GDP","A","2003",12.28,
"AUT","PENSIONEXP","PUB","PC_GDP","A","2004",12.115,
"AUT","PENSIONEXP","PUB","PC_GDP","A","2005",11.948,
"AUT","PENSIONEXP","PUB","PC_GDP","A","2006",11.876,
"AUT","PENSIONEXP","PUB","PC_GDP","A","2007",11.711,
"AUT","PENSIONEXP","PUB","PC_GDP","A","2008",11.934,
"AUT","PENSIONEXP","PUB","PC_GDP","A","2009",12.815,
"AUT","PENSIONEXP","PUB","PC_GDP","A","2010",12.961,
"AUT","PENSIONEXP","PUB","PC_GDP","A","2011",12.714,
"AUT","PENSIONEXP","PUB","PC_GDP","A","2012",12.996,
"AUT","PENSIONEXP","PUB","PC_GDP","A","2013",13.266,
"AUT","PENSIONEXP","PUB","PC_GDP","A","2014",13.407,
"AUT","PENSIONEXP","PUB","PC_GDP","A","2015",13.304,
"BEL","PENSIONEXP","PRIV","PC_GDP","A","2001",1.3305610421724,
"BEL","PENSIONEXP","PRIV","PC_GDP","A","2002",1.4006883615902,
"BEL","PENSIONEXP","PRIV","PC_GDP","A","2003",1.3586418271356,
"BEL","PENSIONEXP","PRIV","PC_GDP","A","2004",1.3452470541365,
"BEL","PENSIONEXP","PRIV","PC_GDP","A","2005",1.2649395414527,
"BEL","PENSIONEXP","PRIV","PC_GDP","A","2006",1.2490698517173,
"BEL","PENSIONEXP","PRIV","PC_GDP","A","2007",2.6396332371671,
"BEL","PENSIONEXP","PRIV","PC_GDP","A","2008",2.5426772935226,
"BEL","PENSIONEXP","PRIV","PC_GDP","A","2009",3.1463246364458,
"BEL","PENSIONEXP","PRIV","PC_GDP","A","2010",2.817188322611,
"BEL","PENSIONEXP","PRIV","PC_GDP","A","2011",3.6057795675348,
"BEL","PENSIONEXP","PRIV","PC_GDP","A","2012",1.1791344876717,
"BEL","PENSIONEXP","PRIV","PC_GDP","A","2013",1.150656546617,
"BEL","PENSIONEXP","PUB","PC_GDP","A","1980",8.744,
"BEL","PENSIONEXP","PUB","PC_GDP","A","1981",9.24,
"BEL","PENSIONEXP","PUB","PC_GDP","A","1982",9.291,
"BEL","PENSIONEXP","PUB","PC_GDP","A","1983",9.493,
"BEL","PENSIONEXP","PUB","PC_GDP","A","1984",9.198,
"BEL","PENSIONEXP","PUB","PC_GDP","A","1985",9.146,
"BEL","PENSIONEXP","PUB","PC_GDP","A","1986",9.175,
"BEL","PENSIONEXP","PUB","PC_GDP","A","1987",9.094,
"BEL","PENSIONEXP","PUB","PC_GDP","A","1988",9.281,
"BEL","PENSIONEXP","PUB","PC_GDP","A","1989",8.996,
"BEL","PENSIONEXP","PUB","PC_GDP","A","1990",8.949,
"BEL","PENSIONEXP","PUB","PC_GDP","A","1991",9.263,
"BEL","PENSIONEXP","PUB","PC_GDP","A","1992",9.373,
"BEL","PENSIONEXP","PUB","PC_GDP","A","1993",9.585,
"BEL","PENSIONEXP","PUB","PC_GDP","A","1994",9.438,
"BEL","PENSIONEXP","PUB","PC_GDP","A","1995",9.177,
"BEL","PENSIONEXP","PUB","PC_GDP","A","1996",9.283,
"BEL","PENSIONEXP","PUB","PC_GDP","A","1997",9.101,
"BEL","PENSIONEXP","PUB","PC_GDP","A","1998",9.049,
"BEL","PENSIONEXP","PUB","PC_GDP","A","1999",8.909,
"BEL","PENSIONEXP","PUB","PC_GDP","A","2000",8.751,
"BEL","PENSIONEXP","PUB","PC_GDP","A","2001",8.859,
"BEL","PENSIONEXP","PUB","PC_GDP","A","2002",8.883,
"BEL","PENSIONEXP","PUB","PC_GDP","A","2003",8.974,
"BEL","PENSIONEXP","PUB","PC_GDP","A","2004",8.87,
"BEL","PENSIONEXP","PUB","PC_GDP","A","2005",8.884,
"BEL","PENSIONEXP","PUB","PC_GDP","A","2006",8.83,
"BEL","PENSIONEXP","PUB","PC_GDP","A","2007",8.729,
"BEL","PENSIONEXP","PUB","PC_GDP","A","2008",9.299,
"BEL","PENSIONEXP","PUB","PC_GDP","A","2009",9.947,
"BEL","PENSIONEXP","PUB","PC_GDP","A","2010",9.839,
"BEL","PENSIONEXP","PUB","PC_GDP","A","2011",10.043,
"BEL","PENSIONEXP","PUB","PC_GDP","A","2012",9.963,
"BEL","PENSIONEXP","PUB","PC_GDP","A","2013",10.334,
"BEL","PENSIONEXP","PUB","PC_GDP","A","2014",10.439,
"BEL","PENSIONEXP","PUB","PC_GDP","A","2015",10.709,
"CAN","PENSIONEXP","PRIV","PC_GDP","A","2000",1.9426255623146,
"CAN","PENSIONEXP","PRIV","PC_GDP","A","2001",2.0796910908399,
"CAN","PENSIONEXP","PRIV","PC_GDP","A","2002",2.0983201631232,
"CAN","PENSIONEXP","PRIV","PC_GDP","A","2003",2.0784215515155,
"CAN","PENSIONEXP","PRIV","PC_GDP","A","2004",2.1599295062418,
"CAN","PENSIONEXP","PRIV","PC_GDP","A","2005",1.9935599804354,
"CAN","PENSIONEXP","PRIV","PC_GDP","A","2006",2.131884206123,
"CAN","PENSIONEXP","PRIV","PC_GDP","A","2007",2.1764480490453,
"CAN","PENSIONEXP","PRIV","PC_GDP","A","2008",2.1952880179152,
"CAN","PENSIONEXP","PRIV","PC_GDP","A","2009",2.4847438460709,
"CAN","PENSIONEXP","PRIV","PC_GDP","A","2010",2.7617986272197,
"CAN","PENSIONEXP","PRIV","PC_GDP","A","2011",2.7670430855349,
"CAN","PENSIONEXP","PRIV","PC_GDP","A","2012",2.9110520372122,
"CAN","PENSIONEXP","PRIV","PC_GDP","A","2013",2.9862300324381,
"CAN","PENSIONEXP","PUB","PC_GDP","A","1980",3.127,
"CAN","PENSIONEXP","PUB","PC_GDP","A","1981",3.273,
"CAN","PENSIONEXP","PUB","PC_GDP","A","1982",3.539,
"CAN","PENSIONEXP","PUB","PC_GDP","A","1983",3.616,
"CAN","PENSIONEXP","PUB","PC_GDP","A","1984",3.706,
"CAN","PENSIONEXP","PUB","PC_GDP","A","1985",3.821,
"CAN","PENSIONEXP","PUB","PC_GDP","A","1986",3.925,
"CAN","PENSIONEXP","PUB","PC_GDP","A","1987",3.989,
"CAN","PENSIONEXP","PUB","PC_GDP","A","1988",3.969,
"CAN","PENSIONEXP","PUB","PC_GDP","A","1989",4.03,
"CAN","PENSIONEXP","PUB","PC_GDP","A","1990",4.215,
"CAN","PENSIONEXP","PUB","PC_GDP","A","1991",4.518,
"CAN","PENSIONEXP","PUB","PC_GDP","A","1992",4.683,
"CAN","PENSIONEXP","PUB","PC_GDP","A","1993",4.72,
"CAN","PENSIONEXP","PUB","PC_GDP","A","1994",4.652,
"CAN","PENSIONEXP","PUB","PC_GDP","A","1995",4.626,
"CAN","PENSIONEXP","PUB","PC_GDP","A","1996",4.63,
"CAN","PENSIONEXP","PUB","PC_GDP","A","1997",4.591,
"CAN","PENSIONEXP","PUB","PC_GDP","A","1998",4.536,
"CAN","PENSIONEXP","PUB","PC_GDP","A","1999",4.344,
"CAN","PENSIONEXP","PUB","PC_GDP","A","2000",4.186,
"CAN","PENSIONEXP","PUB","PC_GDP","A","2001",4.237,
"CAN","PENSIONEXP","PUB","PC_GDP","A","2002",4.184,
"CAN","PENSIONEXP","PUB","PC_GDP","A","2003",4.161,
"CAN","PENSIONEXP","PUB","PC_GDP","A","2004",4.089,
"CAN","PENSIONEXP","PUB","PC_GDP","A","2005",4.023,
"CAN","PENSIONEXP","PUB","PC_GDP","A","2006",4.006,
"CAN","PENSIONEXP","PUB","PC_GDP","A","2007",4.011,
"CAN","PENSIONEXP","PUB","PC_GDP","A","2008",4.117,
"CAN","PENSIONEXP","PUB","PC_GDP","A","2009",4.441,
"CAN","PENSIONEXP","PUB","PC_GDP","A","2010",4.295,
"CAN","PENSIONEXP","PUB","PC_GDP","A","2011",4.293,
"CAN","PENSIONEXP","PUB","PC_GDP","A","2012",4.459,
"CAN","PENSIONEXP","PUB","PC_GDP","A","2013",4.47,
"CAN","PENSIONEXP","PUB","PC_GDP","A","2014",4.534,
"CAN","PENSIONEXP","PUB","PC_GDP","A","2015",4.698,
"CZE","PENSIONEXP","PRIV","PC_GDP","A","2001",0.17697495472511,
"CZE","PENSIONEXP","PRIV","PC_GDP","A","2002",0.19530933952085,
"CZE","PENSIONEXP","PRIV","PC_GDP","A","2003",0.21307292720916,
"CZE","PENSIONEXP","PRIV","PC_GDP","A","2004",0.17706939293447,
"CZE","PENSIONEXP","PRIV","PC_GDP","A","2007",0.23956439487356,
"CZE","PENSIONEXP","PRIV","PC_GDP","A","2008",0.30630366598545,
"CZE","PENSIONEXP","PRIV","PC_GDP","A","2009",0.4155278394483,
"CZE","PENSIONEXP","PRIV","PC_GDP","A","2010",0.43427910050735,
"CZE","PENSIONEXP","PRIV","PC_GDP","A","2011",0.47782986796058,
"CZE","PENSIONEXP","PRIV","PC_GDP","A","2012",0.61095412471763,
"CZE","PENSIONEXP","PRIV","PC_GDP","A","2013",0.30365930859342,
"CZE","PENSIONEXP","PUB","PC_GDP","A","1990",5.574,
"CZE","PENSIONEXP","PUB","PC_GDP","A","1991",6.063,
"CZE","PENSIONEXP","PUB","PC_GDP","A","1992",6.169,
"CZE","PENSIONEXP","PUB","PC_GDP","A","1993",5.722,
"CZE","PENSIONEXP","PUB","PC_GDP","A","1994",5.539,
"CZE","PENSIONEXP","PUB","PC_GDP","A","1995",5.86,
"CZE","PENSIONEXP","PUB","PC_GDP","A","1996",6.035,
"CZE","PENSIONEXP","PUB","PC_GDP","A","1997",6.729,
"CZE","PENSIONEXP","PUB","PC_GDP","A","1998",6.758,
"CZE","PENSIONEXP","PUB","PC_GDP","A","1999",6.905,
"CZE","PENSIONEXP","PUB","PC_GDP","A","2000",6.863,
"CZE","PENSIONEXP","PUB","PC_GDP","A","2001",6.809,
"CZE","PENSIONEXP","PUB","PC_GDP","A","2002",7.009,
"CZE","PENSIONEXP","PUB","PC_GDP","A","2003",6.848,
"CZE","PENSIONEXP","PUB","PC_GDP","A","2004",6.553,
"CZE","PENSIONEXP","PUB","PC_GDP","A","2005",6.69,
"CZE","PENSIONEXP","PUB","PC_GDP","A","2006",6.613,
"CZE","PENSIONEXP","PUB","PC_GDP","A","2007",6.812,
"CZE","PENSIONEXP","PUB","PC_GDP","A","2008",7.109,
"CZE","PENSIONEXP","PUB","PC_GDP","A","2009",7.919,
"CZE","PENSIONEXP","PUB","PC_GDP","A","2010",8.092,
"CZE","PENSIONEXP","PUB","PC_GDP","A","2011",8.406,
"CZE","PENSIONEXP","PUB","PC_GDP","A","2012",8.623,
"CZE","PENSIONEXP","PUB","PC_GDP","A","2013",8.696,
"CZE","PENSIONEXP","PUB","PC_GDP","A","2014",8.395,
"CZE","PENSIONEXP","PUB","PC_GDP","A","2015",8.084,
"DNK","PENSIONEXP","PRIV","PC_GDP","A","2002",3.0348684756334,
"DNK","PENSIONEXP","PRIV","PC_GDP","A","2003",3.1066119320606,
"DNK","PENSIONEXP","PRIV","PC_GDP","A","2004",3.1620521504816,
"DNK","PENSIONEXP","PRIV","PC_GDP","A","2005",3.3440236817673,
"DNK","PENSIONEXP","PRIV","PC_GDP","A","2006",3.7214967733654,
"DNK","PENSIONEXP","PRIV","PC_GDP","A","2007",3.2036501071718,
"DNK","PENSIONEXP","PRIV","PC_GDP","A","2008",3.9800380741088,
"DNK","PENSIONEXP","PRIV","PC_GDP","A","2009",4.1386661758684,
"DNK","PENSIONEXP","PRIV","PC_GDP","A","2010",4.4096039861029,
"DNK","PENSIONEXP","PRIV","PC_GDP","A","2011",4.8071183983454,
"DNK","PENSIONEXP","PRIV","PC_GDP","A","2012",4.9518952163057,
"DNK","PENSIONEXP","PRIV","PC_GDP","A","2013",5.893196910718,
"DNK","PENSIONEXP","PUB","PC_GDP","A","1980",5.685,
"DNK","PENSIONEXP","PUB","PC_GDP","A","1981",5.678,
"DNK","PENSIONEXP","PUB","PC_GDP","A","1982",5.638,
"DNK","PENSIONEXP","PUB","PC_GDP","A","1983",5.592,
"DNK","PENSIONEXP","PUB","PC_GDP","A","1984",5.519,
"DNK","PENSIONEXP","PUB","PC_GDP","A","1985",5.486,
"DNK","PENSIONEXP","PUB","PC_GDP","A","1986",5.404,
"DNK","PENSIONEXP","PUB","PC_GDP","A","1987",5.517,
"DNK","PENSIONEXP","PUB","PC_GDP","A","1988",5.789,
"DNK","PENSIONEXP","PUB","PC_GDP","A","1989",6.06,
"DNK","PENSIONEXP","PUB","PC_GDP","A","1990",6.099,
"DNK","PENSIONEXP","PUB","PC_GDP","A","1991",6.242,
"DNK","PENSIONEXP","PUB","PC_GDP","A","1992",6.244,
"DNK","PENSIONEXP","PUB","PC_GDP","A","1993",6.365,
"DNK","PENSIONEXP","PUB","PC_GDP","A","1994",7.348,
"DNK","PENSIONEXP","PUB","PC_GDP","A","1995",7.232,
"DNK","PENSIONEXP","PUB","PC_GDP","A","1996",7.054,
"DNK","PENSIONEXP","PUB","PC_GDP","A","1997",6.783,
"DNK","PENSIONEXP","PUB","PC_GDP","A","1998",6.73,
"DNK","PENSIONEXP","PUB","PC_GDP","A","1999",6.574,
"DNK","PENSIONEXP","PUB","PC_GDP","A","2000",6.307,
"DNK","PENSIONEXP","PUB","PC_GDP","A","2001",6.324,
"DNK","PENSIONEXP","PUB","PC_GDP","A","2002",6.277,
"DNK","PENSIONEXP","PUB","PC_GDP","A","2003",6.409,
"DNK","PENSIONEXP","PUB","PC_GDP","A","2004",6.282,
"DNK","PENSIONEXP","PUB","PC_GDP","A","2005",6.456,
"DNK","PENSIONEXP","PUB","PC_GDP","A","2006",6.505,
"DNK","PENSIONEXP","PUB","PC_GDP","A","2007",6.287,
"DNK","PENSIONEXP","PUB","PC_GDP","A","2008",6.384,
"DNK","PENSIONEXP","PUB","PC_GDP","A","2009",7.036,
"DNK","PENSIONEXP","PUB","PC_GDP","A","2010",7.162,
"DNK","PENSIONEXP","PUB","PC_GDP","A","2011",7.444,
"DNK","PENSIONEXP","PUB","PC_GDP","A","2012",7.639,
"DNK","PENSIONEXP","PUB","PC_GDP","A","2013",7.855,
"DNK","PENSIONEXP","PUB","PC_GDP","A","2014",8.008,
"DNK","PENSIONEXP","PUB","PC_GDP","A","2015",8.13,
"FIN","PENSIONEXP","PRIV","PC_GDP","A","2004",0.34736901884816,
"FIN","PENSIONEXP","PRIV","PC_GDP","A","2005",0.50332447212979,
"FIN","PENSIONEXP","PRIV","PC_GDP","A","2006",0.46069843697498,
"FIN","PENSIONEXP","PRIV","PC_GDP","A","2007",0.48182052051623,
"FIN","PENSIONEXP","PRIV","PC_GDP","A","2008",0.52759006974307,
"FIN","PENSIONEXP","PRIV","PC_GDP","A","2009",0.63304774373167,
"FIN","PENSIONEXP","PRIV","PC_GDP","A","2010",0.59593800106895,
"FIN","PENSIONEXP","PRIV","PC_GDP","A","2011",0.6481467371704,
"FIN","PENSIONEXP","PRIV","PC_GDP","A","2012",0.6962205883089,
"FIN","PENSIONEXP","PRIV","PC_GDP","A","2013",0.63912473081017,
"FIN","PENSIONEXP","PUB","PC_GDP","A","1980",5.423,
"FIN","PENSIONEXP","PUB","PC_GDP","A","1981",5.639,
"FIN","PENSIONEXP","PUB","PC_GDP","A","1982",5.841,
"FIN","PENSIONEXP","PUB","PC_GDP","A","1983",6.276,
"FIN","PENSIONEXP","PUB","PC_GDP","A","1984",7.065,
"FIN","PENSIONEXP","PUB","PC_GDP","A","1985",7.242,
"FIN","PENSIONEXP","PUB","PC_GDP","A","1986",7.212,
"FIN","PENSIONEXP","PUB","PC_GDP","A","1987",7.455,
"FIN","PENSIONEXP","PUB","PC_GDP","A","1988",7.07,
"FIN","PENSIONEXP","PUB","PC_GDP","A","1989",6.906,
"FIN","PENSIONEXP","PUB","PC_GDP","A","1990",7.158,
"FIN","PENSIONEXP","PUB","PC_GDP","A","1991",8.306,
"FIN","PENSIONEXP","PUB","PC_GDP","A","1992",9.25,
"FIN","PENSIONEXP","PUB","PC_GDP","A","1993",9.154,
"FIN","PENSIONEXP","PUB","PC_GDP","A","1994",8.904,
"FIN","PENSIONEXP","PUB","PC_GDP","A","1995",8.558,
"FIN","PENSIONEXP","PUB","PC_GDP","A","1996",8.762,
"FIN","PENSIONEXP","PUB","PC_GDP","A","1997",8.169,
"FIN","PENSIONEXP","PUB","PC_GDP","A","1998",7.693,
"FIN","PENSIONEXP","PUB","PC_GDP","A","1999",7.645,
"FIN","PENSIONEXP","PUB","PC_GDP","A","2000",7.419,
"FIN","PENSIONEXP","PUB","PC_GDP","A","2001",7.51,
"FIN","PENSIONEXP","PUB","PC_GDP","A","2002",7.805,
"FIN","PENSIONEXP","PUB","PC_GDP","A","2003",8.014,
"FIN","PENSIONEXP","PUB","PC_GDP","A","2004",7.982,
"FIN","PENSIONEXP","PUB","PC_GDP","A","2005",8.076,
"FIN","PENSIONEXP","PUB","PC_GDP","A","2006",8.133,
"FIN","PENSIONEXP","PUB","PC_GDP","A","2007",7.958,
"FIN","PENSIONEXP","PUB","PC_GDP","A","2008",8.035,
"FIN","PENSIONEXP","PUB","PC_GDP","A","2009",9.477,
"FIN","PENSIONEXP","PUB","PC_GDP","A","2010",9.793,
"FIN","PENSIONEXP","PUB","PC_GDP","A","2011",9.859,
"FIN","PENSIONEXP","PUB","PC_GDP","A","2012",10.522,
"FIN","PENSIONEXP","PUB","PC_GDP","A","2013",11.109,
"FIN","PENSIONEXP","PUB","PC_GDP","A","2014",11.548,
"FIN","PENSIONEXP","PUB","PC_GDP","A","2015",11.421,
"FRA","PENSIONEXP","PRIV","PC_GDP","A","2009",0.34863025955935,
"FRA","PENSIONEXP","PRIV","PC_GDP","A","2010",0.36782936640378,
"FRA","PENSIONEXP","PRIV","PC_GDP","A","2011",0.34138079060489,
"FRA","PENSIONEXP","PRIV","PC_GDP","A","2012",0.32799390875301,
"FRA","PENSIONEXP","PRIV","PC_GDP","A","2013",0.40745264142608,
"FRA","PENSIONEXP","PUB","PC_GDP","A","1980",9.221,
"FRA","PENSIONEXP","PUB","PC_GDP","A","1981",9.48,
"FRA","PENSIONEXP","PUB","PC_GDP","A","1982",9.681,
"FRA","PENSIONEXP","PUB","PC_GDP","A","1983",9.848,
"FRA","PENSIONEXP","PUB","PC_GDP","A","1984",10.07,
"FRA","PENSIONEXP","PUB","PC_GDP","A","1985",10.26,
"FRA","PENSIONEXP","PUB","PC_GDP","A","1986",10.23,
"FRA","PENSIONEXP","PUB","PC_GDP","A","1987",10.242,
"FRA","PENSIONEXP","PUB","PC_GDP","A","1988",10.317,
"FRA","PENSIONEXP","PUB","PC_GDP","A","1989",9.798,
"FRA","PENSIONEXP","PUB","PC_GDP","A","1990",10.37,
"FRA","PENSIONEXP","PUB","PC_GDP","A","1991",10.637,
"FRA","PENSIONEXP","PUB","PC_GDP","A","1992",10.955,
"FRA","PENSIONEXP","PUB","PC_GDP","A","1993",11.437,
"FRA","PENSIONEXP","PUB","PC_GDP","A","1994",11.562,
"FRA","PENSIONEXP","PUB","PC_GDP","A","1995",11.737,
"FRA","PENSIONEXP","PUB","PC_GDP","A","1996",11.871,
"FRA","PENSIONEXP","PUB","PC_GDP","A","1997",11.852,
"FRA","PENSIONEXP","PUB","PC_GDP","A","1998",11.717,
"FRA","PENSIONEXP","PUB","PC_GDP","A","1999",11.715,
"FRA","PENSIONEXP","PUB","PC_GDP","A","2000",11.43,
"FRA","PENSIONEXP","PUB","PC_GDP","A","2001",11.428,
"FRA","PENSIONEXP","PUB","PC_GDP","A","2002",11.575,
"FRA","PENSIONEXP","PUB","PC_GDP","A","2003",11.741,
"FRA","PENSIONEXP","PUB","PC_GDP","A","2004",11.794,
"FRA","PENSIONEXP","PUB","PC_GDP","A","2005",11.98,
"FRA","PENSIONEXP","PUB","PC_GDP","A","2006",11.84,
"FRA","PENSIONEXP","PUB","PC_GDP","A","2007",11.938,
"FRA","PENSIONEXP","PUB","PC_GDP","A","2008",12.243,
"FRA","PENSIONEXP","PUB","PC_GDP","A","2009",13.153,
"FRA","PENSIONEXP","PUB","PC_GDP","A","2010",13.222,
"FRA","PENSIONEXP","PUB","PC_GDP","A","2011",13.372,
"FRA","PENSIONEXP","PUB","PC_GDP","A","2012",13.661,
"FRA","PENSIONEXP","PUB","PC_GDP","A","2013",13.895,
"FRA","PENSIONEXP","PUB","PC_GDP","A","2014",13.974,
"FRA","PENSIONEXP","PUB","PC_GDP","A","2015",13.909,
"DEU","PENSIONEXP","PRIV","PC_GDP","A","1995",0.09218951013011,
"DEU","PENSIONEXP","PRIV","PC_GDP","A","1996",0.09145034058566,
"DEU","PENSIONEXP","PRIV","PC_GDP","A","1997",0.09802879545621,
"DEU","PENSIONEXP","PRIV","PC_GDP","A","1998",0.10295215174674,
"DEU","PENSIONEXP","PRIV","PC_GDP","A","1999",0.11336451292247,
"DEU","PENSIONEXP","PRIV","PC_GDP","A","2000",0.11787282424242,
"DEU","PENSIONEXP","PRIV","PC_GDP","A","2001",0.11946118402617,
"DEU","PENSIONEXP","PRIV","PC_GDP","A","2002",0.12531111191689,
"DEU","PENSIONEXP","PRIV","PC_GDP","A","2003",0.13066020161927,
"DEU","PENSIONEXP","PRIV","PC_GDP","A","2004",0.13336451194666,
"DEU","PENSIONEXP","PRIV","PC_GDP","A","2005",0.13553111209755,
"DEU","PENSIONEXP","PRIV","PC_GDP","A","2006",0.13718517278889,
"DEU","PENSIONEXP","PRIV","PC_GDP","A","2007",0.14175072008796,
"DEU","PENSIONEXP","PRIV","PC_GDP","A","2008",0.14342303813105,
"DEU","PENSIONEXP","PRIV","PC_GDP","A","2009",0.27398815171819,
"DEU","PENSIONEXP","PRIV","PC_GDP","A","2010",0.1889293652716,
"DEU","PENSIONEXP","PRIV","PC_GDP","A","2011",0.18992501322663,
"DEU","PENSIONEXP","PRIV","PC_GDP","A","2012",0.19619099919997,
"DEU","PENSIONEXP","PRIV","PC_GDP","A","2013",0.20099387028916,
"DEU","PENSIONEXP","PUB","PC_GDP","A","1980",10.385,
"DEU","PENSIONEXP","PUB","PC_GDP","A","1981",10.409,
"DEU","PENSIONEXP","PUB","PC_GDP","A","1982",10.54,
"DEU","PENSIONEXP","PUB","PC_GDP","A","1983",10.475,
"DEU","PENSIONEXP","PUB","PC_GDP","A","1984",10.405,
"DEU","PENSIONEXP","PUB","PC_GDP","A","1985",10.288,
"DEU","PENSIONEXP","PUB","PC_GDP","A","1986",10.147,
"DEU","PENSIONEXP","PUB","PC_GDP","A","1987",10.306,
"DEU","PENSIONEXP","PUB","PC_GDP","A","1988",10.209,
"DEU","PENSIONEXP","PUB","PC_GDP","A","1989",9.92,
"DEU","PENSIONEXP","PUB","PC_GDP","A","1990",9.469,
"DEU","PENSIONEXP","PUB","PC_GDP","A","1991",9.143,
"DEU","PENSIONEXP","PUB","PC_GDP","A","1992",9.506,
"DEU","PENSIONEXP","PUB","PC_GDP","A","1993",9.806,
"DEU","PENSIONEXP","PUB","PC_GDP","A","1994",10.014,
"DEU","PENSIONEXP","PUB","PC_GDP","A","1995",10.279,
"DEU","PENSIONEXP","PUB","PC_GDP","A","1996",10.466,
"DEU","PENSIONEXP","PUB","PC_GDP","A","1997",10.594,
"DEU","PENSIONEXP","PUB","PC_GDP","A","1998",10.702,
"DEU","PENSIONEXP","PUB","PC_GDP","A","1999",10.72,
"DEU","PENSIONEXP","PUB","PC_GDP","A","2000",10.813,
"DEU","PENSIONEXP","PUB","PC_GDP","A","2001",10.863,
"DEU","PENSIONEXP","PUB","PC_GDP","A","2002",11.072,
"DEU","PENSIONEXP","PUB","PC_GDP","A","2003",11.264,
"DEU","PENSIONEXP","PUB","PC_GDP","A","2004",11.131,
"DEU","PENSIONEXP","PUB","PC_GDP","A","2005",11.08,
"DEU","PENSIONEXP","PUB","PC_GDP","A","2006",10.718,
"DEU","PENSIONEXP","PUB","PC_GDP","A","2007",10.288,
"DEU","PENSIONEXP","PUB","PC_GDP","A","2008",10.259,
"DEU","PENSIONEXP","PUB","PC_GDP","A","2009",10.951,
"DEU","PENSIONEXP","PUB","PC_GDP","A","2010",10.619,
"DEU","PENSIONEXP","PUB","PC_GDP","A","2011",10.207,
"DEU","PENSIONEXP","PUB","PC_GDP","A","2012",10.19,
"DEU","PENSIONEXP","PUB","PC_GDP","A","2013",10.094,
"DEU","PENSIONEXP","PUB","PC_GDP","A","2014",10.036,
"DEU","PENSIONEXP","PUB","PC_GDP","A","2015",10.084,
"GRC","PENSIONEXP","PRIV","PC_GDP","A","2007",0.00036167848711,
"GRC","PENSIONEXP","PRIV","PC_GDP","A","2008",0.00104434561317,
"GRC","PENSIONEXP","PRIV","PC_GDP","A","2009",0.00071381628347,
"GRC","PENSIONEXP","PRIV","PC_GDP","A","2010",0.00139914053427,
"GRC","PENSIONEXP","PRIV","PC_GDP","A","2011",0.00214195584744,
"GRC","PENSIONEXP","PRIV","PC_GDP","A","2012",0.0025496840431,
"GRC","PENSIONEXP","PRIV","PC_GDP","A","2013",0.04369013098965,
"GRC","PENSIONEXP","PUB","PC_GDP","A","1980",5.167,
"GRC","PENSIONEXP","PUB","PC_GDP","A","1981",5.709,
"GRC","PENSIONEXP","PUB","PC_GDP","A","1982",7.253,
"GRC","PENSIONEXP","PUB","PC_GDP","A","1983",7.318,
"GRC","PENSIONEXP","PUB","PC_GDP","A","1984",7.867,
"GRC","PENSIONEXP","PUB","PC_GDP","A","1985",8.278,
"GRC","PENSIONEXP","PUB","PC_GDP","A","1986",8.344,
"GRC","PENSIONEXP","PUB","PC_GDP","A","1987",8.701,
"GRC","PENSIONEXP","PUB","PC_GDP","A","1988",8.491,
"GRC","PENSIONEXP","PUB","PC_GDP","A","1989",8.833,
"GRC","PENSIONEXP","PUB","PC_GDP","A","1990",9.48,
"GRC","PENSIONEXP","PUB","PC_GDP","A","1991",8.919,
"GRC","PENSIONEXP","PUB","PC_GDP","A","1992",8.879,
"GRC","PENSIONEXP","PUB","PC_GDP","A","1993",9.159,
"GRC","PENSIONEXP","PUB","PC_GDP","A","1994",9.066,
"GRC","PENSIONEXP","PUB","PC_GDP","A","1995",9.204,
"GRC","PENSIONEXP","PUB","PC_GDP","A","1996",9.534,
"GRC","PENSIONEXP","PUB","PC_GDP","A","1997",9.562,
"GRC","PENSIONEXP","PUB","PC_GDP","A","1998",10.164,
"GRC","PENSIONEXP","PUB","PC_GDP","A","1999",10.333,
"GRC","PENSIONEXP","PUB","PC_GDP","A","2000",10.153,
"GRC","PENSIONEXP","PUB","PC_GDP","A","2001",10.562,
"GRC","PENSIONEXP","PUB","PC_GDP","A","2002",10.457,
"GRC","PENSIONEXP","PUB","PC_GDP","A","2003",10.301,
"GRC","PENSIONEXP","PUB","PC_GDP","A","2004",10.561,
"GRC","PENSIONEXP","PUB","PC_GDP","A","2005",11.36,
"GRC","PENSIONEXP","PUB","PC_GDP","A","2006",11.336,
"GRC","PENSIONEXP","PUB","PC_GDP","A","2007",11.644,
"GRC","PENSIONEXP","PUB","PC_GDP","A","2008",12.473,
"GRC","PENSIONEXP","PUB","PC_GDP","A","2009",13.531,
"GRC","PENSIONEXP","PUB","PC_GDP","A","2010",14.198,
"GRC","PENSIONEXP","PUB","PC_GDP","A","2011",15.846,
"GRC","PENSIONEXP","PUB","PC_GDP","A","2012",17.088,
"GRC","PENSIONEXP","PUB","PC_GDP","A","2013",15.995,
"GRC","PENSIONEXP","PUB","PC_GDP","A","2014",16.414,
"GRC","PENSIONEXP","PUB","PC_GDP","A","2015",16.865,
"HUN","PENSIONEXP","PRIV","PC_GDP","A","2001",0.07824395526324,
"HUN","PENSIONEXP","PRIV","PC_GDP","A","2002",0.09024937403918,
"HUN","PENSIONEXP","PRIV","PC_GDP","A","2003",0.08645388451544,
"HUN","PENSIONEXP","PRIV","PC_GDP","A","2004",0.13660583281117,
"HUN","PENSIONEXP","PRIV","PC_GDP","A","2005",0.14852597027491,
"HUN","PENSIONEXP","PRIV","PC_GDP","A","2006",0.13830671888522,
"HUN","PENSIONEXP","PRIV","PC_GDP","A","2007",0.18025994532141,
"HUN","PENSIONEXP","PRIV","PC_GDP","A","2008",0.2125622038051,
"HUN","PENSIONEXP","PRIV","PC_GDP","A","2009",0.20248416745731,
"HUN","PENSIONEXP","PRIV","PC_GDP","A","2010",0.16032206022186,
"HUN","PENSIONEXP","PRIV","PC_GDP","A","2011",0.21562599908479,
"HUN","PENSIONEXP","PRIV","PC_GDP","A","2012",0.19000410974542,
"HUN","PENSIONEXP","PRIV","PC_GDP","A","2013",0.08381733871572,
"HUN","PENSIONEXP","PUB","PC_GDP","A","1999",7.654,
"HUN","PENSIONEXP","PUB","PC_GDP","A","2000",7.433,
"HUN","PENSIONEXP","PUB","PC_GDP","A","2001",7.424,
"HUN","PENSIONEXP","PUB","PC_GDP","A","2002",7.932,
"HUN","PENSIONEXP","PUB","PC_GDP","A","2003",7.842,
"HUN","PENSIONEXP","PUB","PC_GDP","A","2004",7.92,
"HUN","PENSIONEXP","PUB","PC_GDP","A","2005",8.329,
"HUN","PENSIONEXP","PUB","PC_GDP","A","2006",8.549,
"HUN","PENSIONEXP","PUB","PC_GDP","A","2007",9.007,
"HUN","PENSIONEXP","PUB","PC_GDP","A","2008",9.464,
"HUN","PENSIONEXP","PUB","PC_GDP","A","2009",9.595,
"HUN","PENSIONEXP","PUB","PC_GDP","A","2010",9.574,
"HUN","PENSIONEXP","PUB","PC_GDP","A","2011",9.738,
"HUN","PENSIONEXP","PUB","PC_GDP","A","2012",10.383,
"HUN","PENSIONEXP","PUB","PC_GDP","A","2013",10.224,
"HUN","PENSIONEXP","PUB","PC_GDP","A","2014",9.552,
"HUN","PENSIONEXP","PUB","PC_GDP","A","2015",9.198,
"ISL","PENSIONEXP","PRIV","PC_GDP","A","2001",2.8185765004397,
"ISL","PENSIONEXP","PRIV","PC_GDP","A","2002",3.0668397653428,
"ISL","PENSIONEXP","PRIV","PC_GDP","A","2003",3.317281447893,
"ISL","PENSIONEXP","PRIV","PC_GDP","A","2004",3.2676364986487,
"ISL","PENSIONEXP","PRIV","PC_GDP","A","2005",3.339317843701,
"ISL","PENSIONEXP","PRIV","PC_GDP","A","2006",3.4525021434803,
"ISL","PENSIONEXP","PRIV","PC_GDP","A","2007",3.4500357046407,
"ISL","PENSIONEXP","PRIV","PC_GDP","A","2008",3.6225115418459,
"ISL","PENSIONEXP","PRIV","PC_GDP","A","2009",6.0131843513405,
"ISL","PENSIONEXP","PRIV","PC_GDP","A","2010",5.1759693877236,
"ISL","PENSIONEXP","PRIV","PC_GDP","A","2011",5.9834389317213,
"ISL","PENSIONEXP","PRIV","PC_GDP","A","2012",5.4235231667551,
"ISL","PENSIONEXP","PRIV","PC_GDP","A","2013",5.2331525504109,
"ISL","PENSIONEXP","PUB","PC_GDP","A","1990",2.223,
"ISL","PENSIONEXP","PUB","PC_GDP","A","1991",2.336,
"ISL","PENSIONEXP","PUB","PC_GDP","A","1992",2.396,
"ISL","PENSIONEXP","PUB","PC_GDP","A","1993",2.467,
"ISL","PENSIONEXP","PUB","PC_GDP","A","1994",2.38,
"ISL","PENSIONEXP","PUB","PC_GDP","A","1995",2.396,
"ISL","PENSIONEXP","PUB","PC_GDP","A","1996",2.298,
"ISL","PENSIONEXP","PUB","PC_GDP","A","1997",2.221,
"ISL","PENSIONEXP","PUB","PC_GDP","A","1998",2.154,
"ISL","PENSIONEXP","PUB","PC_GDP","A","1999",2.15,
"ISL","PENSIONEXP","PUB","PC_GDP","A","2000",2.098,
"ISL","PENSIONEXP","PUB","PC_GDP","A","2001",2.002,
"ISL","PENSIONEXP","PUB","PC_GDP","A","2002",2.073,
"ISL","PENSIONEXP","PUB","PC_GDP","A","2003",2.245,
"ISL","PENSIONEXP","PUB","PC_GDP","A","2004",2.042,
"ISL","PENSIONEXP","PUB","PC_GDP","A","2005",1.933,
"ISL","PENSIONEXP","PUB","PC_GDP","A","2006",1.776,
"ISL","PENSIONEXP","PUB","PC_GDP","A","2007",1.817,
"ISL","PENSIONEXP","PUB","PC_GDP","A","2008",1.745,
"ISL","PENSIONEXP","PUB","PC_GDP","A","2009",1.636,
"ISL","PENSIONEXP","PUB","PC_GDP","A","2010",1.576,
"ISL","PENSIONEXP","PUB","PC_GDP","A","2011",2.036,
"ISL","PENSIONEXP","PUB","PC_GDP","A","2012",2.02,
"ISL","PENSIONEXP","PUB","PC_GDP","A","2013",2.012,
"ISL","PENSIONEXP","PUB","PC_GDP","A","2014",2.149,
"ISL","PENSIONEXP","PUB","PC_GDP","A","2015",2.073,
"IRL","PENSIONEXP","PUB","PC_GDP","A","1980",5.018,
"IRL","PENSIONEXP","PUB","PC_GDP","A","1981",5.205,
"IRL","PENSIONEXP","PUB","PC_GDP","A","1982",5.588,
"IRL","PENSIONEXP","PUB","PC_GDP","A","1983",5.672,
"IRL","PENSIONEXP","PUB","PC_GDP","A","1984",5.529,
"IRL","PENSIONEXP","PUB","PC_GDP","A","1985",5.402,
"IRL","PENSIONEXP","PUB","PC_GDP","A","1986",5.434,
"IRL","PENSIONEXP","PUB","PC_GDP","A","1987",5.366,
"IRL","PENSIONEXP","PUB","PC_GDP","A","1988",5.14,
"IRL","PENSIONEXP","PUB","PC_GDP","A","1989",4.784,
"IRL","PENSIONEXP","PUB","PC_GDP","A","1990",4.752,
"IRL","PENSIONEXP","PUB","PC_GDP","A","1991",4.897,
"IRL","PENSIONEXP","PUB","PC_GDP","A","1992",4.898,
"IRL","PENSIONEXP","PUB","PC_GDP","A","1993",4.8,
"IRL","PENSIONEXP","PUB","PC_GDP","A","1994",4.626,
"IRL","PENSIONEXP","PUB","PC_GDP","A","1995",4.255,
"IRL","PENSIONEXP","PUB","PC_GDP","A","1996",3.938,
"IRL","PENSIONEXP","PUB","PC_GDP","A","1997",3.628,
"IRL","PENSIONEXP","PUB","PC_GDP","A","1998",3.405,
"IRL","PENSIONEXP","PUB","PC_GDP","A","1999",3.159,
"IRL","PENSIONEXP","PUB","PC_GDP","A","2000",2.926,
"IRL","PENSIONEXP","PUB","PC_GDP","A","2001",2.98,
"IRL","PENSIONEXP","PUB","PC_GDP","A","2002",3.043,
"IRL","PENSIONEXP","PUB","PC_GDP","A","2003",3.085,
"IRL","PENSIONEXP","PUB","PC_GDP","A","2004",3.171,
"IRL","PENSIONEXP","PUB","PC_GDP","A","2005",3.166,
"IRL","PENSIONEXP","PUB","PC_GDP","A","2006",3.21,
"IRL","PENSIONEXP","PUB","PC_GDP","A","2007",3.372,
"IRL","PENSIONEXP","PUB","PC_GDP","A","2008",3.911,
"IRL","PENSIONEXP","PUB","PC_GDP","A","2009",4.759,
"IRL","PENSIONEXP","PUB","PC_GDP","A","2010",4.883,
"IRL","PENSIONEXP","PUB","PC_GDP","A","2011",4.933,
"IRL","PENSIONEXP","PUB","PC_GDP","A","2012",5.046,
"IRL","PENSIONEXP","PUB","PC_GDP","A","2013",4.917,
"IRL","PENSIONEXP","PUB","PC_GDP","A","2014",4.618,
"IRL","PENSIONEXP","PUB","PC_GDP","A","2015",3.593,
"ITA","PENSIONEXP","PRIV","PC_GDP","A","2001",0.18271936579305,
"ITA","PENSIONEXP","PRIV","PC_GDP","A","2002",0.15701741629023,
"ITA","PENSIONEXP","PRIV","PC_GDP","A","2003",0.23799608542378,
"ITA","PENSIONEXP","PRIV","PC_GDP","A","2004",0.21348069663928,
"ITA","PENSIONEXP","PRIV","PC_GDP","A","2005",0.19150568485075,
"ITA","PENSIONEXP","PRIV","PC_GDP","A","2006",0.23670915431568,
"ITA","PENSIONEXP","PRIV","PC_GDP","A","2007",0.20731428878779,
"ITA","PENSIONEXP","PRIV","PC_GDP","A","2008",0.28157097619964,
"ITA","PENSIONEXP","PRIV","PC_GDP","A","2009",0.23513661161131,
"ITA","PENSIONEXP","PRIV","PC_GDP","A","2010",0.24573891552901,
"ITA","PENSIONEXP","PRIV","PC_GDP","A","2011",0.23076810459398,
"ITA","PENSIONEXP","PRIV","PC_GDP","A","2012",0.27517412148128,
"ITA","PENSIONEXP","PRIV","PC_GDP","A","2013",0.30623086394946,
"ITA","PENSIONEXP","PUB","PC_GDP","A","1980",8.565,
"ITA","PENSIONEXP","PUB","PC_GDP","A","1981",9.457,
"ITA","PENSIONEXP","PUB","PC_GDP","A","1982",9.845,
"ITA","PENSIONEXP","PUB","PC_GDP","A","1983",10.551,
"ITA","PENSIONEXP","PUB","PC_GDP","A","1984",10.41,
"ITA","PENSIONEXP","PUB","PC_GDP","A","1985",10.772,
"ITA","PENSIONEXP","PUB","PC_GDP","A","1986",11.028,
"ITA","PENSIONEXP","PUB","PC_GDP","A","1987",11.023,
"ITA","PENSIONEXP","PUB","PC_GDP","A","1988",10.989,
"ITA","PENSIONEXP","PUB","PC_GDP","A","1989",11.165,
"ITA","PENSIONEXP","PUB","PC_GDP","A","1990",11.374,
"ITA","PENSIONEXP","PUB","PC_GDP","A","1991",11.679,
"ITA","PENSIONEXP","PUB","PC_GDP","A","1992",12.456,
"ITA","PENSIONEXP","PUB","PC_GDP","A","1993",12.853,
"ITA","PENSIONEXP","PUB","PC_GDP","A","1994",13.175,
"ITA","PENSIONEXP","PUB","PC_GDP","A","1995",13.094,
"ITA","PENSIONEXP","PUB","PC_GDP","A","1996",13.38,
"ITA","PENSIONEXP","PUB","PC_GDP","A","1997",13.786,
"ITA","PENSIONEXP","PUB","PC_GDP","A","1998",13.604,
"ITA","PENSIONEXP","PUB","PC_GDP","A","1999",13.8,
"ITA","PENSIONEXP","PUB","PC_GDP","A","2000",13.489,
"ITA","PENSIONEXP","PUB","PC_GDP","A","2001",13.349,
"ITA","PENSIONEXP","PUB","PC_GDP","A","2002",13.463,
"ITA","PENSIONEXP","PUB","PC_GDP","A","2003",13.576,
"ITA","PENSIONEXP","PUB","PC_GDP","A","2004",13.617,
"ITA","PENSIONEXP","PUB","PC_GDP","A","2005",13.701,
"ITA","PENSIONEXP","PUB","PC_GDP","A","2006",13.685,
"ITA","PENSIONEXP","PUB","PC_GDP","A","2007",13.816,
"ITA","PENSIONEXP","PUB","PC_GDP","A","2008",14.246,
"ITA","PENSIONEXP","PUB","PC_GDP","A","2009",15.251,
"ITA","PENSIONEXP","PUB","PC_GDP","A","2010",15.441,
"ITA","PENSIONEXP","PUB","PC_GDP","A","2011",15.483,
"ITA","PENSIONEXP","PUB","PC_GDP","A","2012",15.902,
"ITA","PENSIONEXP","PUB","PC_GDP","A","2013",16.322,
"ITA","PENSIONEXP","PUB","PC_GDP","A","2014",16.208,
"ITA","PENSIONEXP","PUB","PC_GDP","A","2015",16.183,
"JPN","PENSIONEXP","PUB","PC_GDP","A","1980",3.73,
"JPN","PENSIONEXP","PUB","PC_GDP","A","1981",4.019,
"JPN","PENSIONEXP","PUB","PC_GDP","A","1982",4.244,
"JPN","PENSIONEXP","PUB","PC_GDP","A","1983",4.365,
"JPN","PENSIONEXP","PUB","PC_GDP","A","1984",4.416,
"JPN","PENSIONEXP","PUB","PC_GDP","A","1985",4.549,
"JPN","PENSIONEXP","PUB","PC_GDP","A","1986",4.808,
"JPN","PENSIONEXP","PUB","PC_GDP","A","1987",4.856,
"JPN","PENSIONEXP","PUB","PC_GDP","A","1988",4.764,
"JPN","PENSIONEXP","PUB","PC_GDP","A","1989",4.753,
"JPN","PENSIONEXP","PUB","PC_GDP","A","1990",4.718,
"JPN","PENSIONEXP","PUB","PC_GDP","A","1991",4.752,
"JPN","PENSIONEXP","PUB","PC_GDP","A","1992",4.999,
"JPN","PENSIONEXP","PUB","PC_GDP","A","1993",5.282,
"JPN","PENSIONEXP","PUB","PC_GDP","A","1994",5.561,
"JPN","PENSIONEXP","PUB","PC_GDP","A","1995",5.873,
"JPN","PENSIONEXP","PUB","PC_GDP","A","1996",5.978,
"JPN","PENSIONEXP","PUB","PC_GDP","A","1997",6.164,
"JPN","PENSIONEXP","PUB","PC_GDP","A","1998",6.561,
"JPN","PENSIONEXP","PUB","PC_GDP","A","1999",6.85,
"JPN","PENSIONEXP","PUB","PC_GDP","A","2000",7.002,
"JPN","PENSIONEXP","PUB","PC_GDP","A","2001",7.291,
"JPN","PENSIONEXP","PUB","PC_GDP","A","2002",7.587,
"JPN","PENSIONEXP","PUB","PC_GDP","A","2003",7.773,
"JPN","PENSIONEXP","PUB","PC_GDP","A","2004",7.931,
"JPN","PENSIONEXP","PUB","PC_GDP","A","2005",8.084,
"JPN","PENSIONEXP","PUB","PC_GDP","A","2006",8.202,
"JPN","PENSIONEXP","PUB","PC_GDP","A","2007",8.35,
"JPN","PENSIONEXP","PUB","PC_GDP","A","2008",8.826,
"JPN","PENSIONEXP","PUB","PC_GDP","A","2009",9.605,
"JPN","PENSIONEXP","PUB","PC_GDP","A","2010",9.605,
"JPN","PENSIONEXP","PUB","PC_GDP","A","2011",9.715,
"JPN","PENSIONEXP","PUB","PC_GDP","A","2012",9.781,
"JPN","PENSIONEXP","PUB","PC_GDP","A","2013",9.726,
"JPN","PENSIONEXP","PUB","PC_GDP","A","2014",9.457,
"JPN","PENSIONEXP","PUB","PC_GDP","A","2015",9.369,
"KOR","PENSIONEXP","PRIV","PC_GDP","A","2002",0.87314332605935,
"KOR","PENSIONEXP","PRIV","PC_GDP","A","2003",0.88972652347292,
"KOR","PENSIONEXP","PRIV","PC_GDP","A","2004",0.54050737838353,
"KOR","PENSIONEXP","PRIV","PC_GDP","A","2005",0.68132864617618,
"KOR","PENSIONEXP","PRIV","PC_GDP","A","2006",0.79584833427494,
"KOR","PENSIONEXP","PRIV","PC_GDP","A","2007",0.86420039179146,
"KOR","PENSIONEXP","PRIV","PC_GDP","A","2008",0.71231006119351,
"KOR","PENSIONEXP","PRIV","PC_GDP","A","2009",1.0095681459486,
"KOR","PENSIONEXP","PRIV","PC_GDP","A","2010",1.3337548454184,
"KOR","PENSIONEXP","PRIV","PC_GDP","A","2011",1.2793834383472,
"KOR","PENSIONEXP","PRIV","PC_GDP","A","2012",1.6859561538305,
"KOR","PENSIONEXP","PRIV","PC_GDP","A","2013",2.3267919152421,
"KOR","PENSIONEXP","PUB","PC_GDP","A","1990",0.747,
"KOR","PENSIONEXP","PUB","PC_GDP","A","1991",0.805,
"KOR","PENSIONEXP","PUB","PC_GDP","A","1992",0.929,
"KOR","PENSIONEXP","PUB","PC_GDP","A","1993",1.022,
"KOR","PENSIONEXP","PUB","PC_GDP","A","1994",1.066,
"KOR","PENSIONEXP","PUB","PC_GDP","A","1995",1.159,
"KOR","PENSIONEXP","PUB","PC_GDP","A","1996",1.13,
"KOR","PENSIONEXP","PUB","PC_GDP","A","1997",1.192,
"KOR","PENSIONEXP","PUB","PC_GDP","A","1998",1.867,
"KOR","PENSIONEXP","PUB","PC_GDP","A","1999",2.408,
"KOR","PENSIONEXP","PUB","PC_GDP","A","2000",1.346,
"KOR","PENSIONEXP","PUB","PC_GDP","A","2001",1.123,
"KOR","PENSIONEXP","PUB","PC_GDP","A","2002",1.111,
"KOR","PENSIONEXP","PUB","PC_GDP","A","2003",1.256,
"KOR","PENSIONEXP","PUB","PC_GDP","A","2004",1.325,
"KOR","PENSIONEXP","PUB","PC_GDP","A","2005",1.466,
"KOR","PENSIONEXP","PUB","PC_GDP","A","2006",1.538,
"KOR","PENSIONEXP","PUB","PC_GDP","A","2007",1.607,
"KOR","PENSIONEXP","PUB","PC_GDP","A","2008",1.908,
"KOR","PENSIONEXP","PUB","PC_GDP","A","2009",2.018,
"KOR","PENSIONEXP","PUB","PC_GDP","A","2010",2.056,
"KOR","PENSIONEXP","PUB","PC_GDP","A","2011",2.104,
"KOR","PENSIONEXP","PUB","PC_GDP","A","2012",2.314,
"KOR","PENSIONEXP","PUB","PC_GDP","A","2013",2.37,
"KOR","PENSIONEXP","PUB","PC_GDP","A","2014",2.651,
"KOR","PENSIONEXP","PUB","PC_GDP","A","2015",2.915,
"KOR","PENSIONEXP","PUB","PC_GDP","A","2016",2.938,
"KOR","PENSIONEXP","PUB","PC_GDP","A","2017",3.01,
"LUX","PENSIONEXP","PRIV","PC_GDP","A","2004",0.02477699539037,
"LUX","PENSIONEXP","PRIV","PC_GDP","A","2005",0.07242185453153,
"LUX","PENSIONEXP","PRIV","PC_GDP","A","2006",0.05838650544382,
"LUX","PENSIONEXP","PRIV","PC_GDP","A","2007",0.07691465015631,
"LUX","PENSIONEXP","PRIV","PC_GDP","A","2008",0.04938370311147,
"LUX","PENSIONEXP","PRIV","PC_GDP","A","2009",0.08336042932462,
"LUX","PENSIONEXP","PRIV","PC_GDP","A","2010",0.11580823859307,
"LUX","PENSIONEXP","PRIV","PC_GDP","A","2011",0.1255107403137,
"LUX","PENSIONEXP","PRIV","PC_GDP","A","2012",0.1377019994522,
"LUX","PENSIONEXP","PRIV","PC_GDP","A","2013",0.1447620898205,
"LUX","PENSIONEXP","PUB","PC_GDP","A","1980",8.68,
"LUX","PENSIONEXP","PUB","PC_GDP","A","1981",9.138,
"LUX","PENSIONEXP","PUB","PC_GDP","A","1982",8.808,
"LUX","PENSIONEXP","PUB","PC_GDP","A","1983",8.69,
"LUX","PENSIONEXP","PUB","PC_GDP","A","1984",8.209,
"LUX","PENSIONEXP","PUB","PC_GDP","A","1985",8.162,
"LUX","PENSIONEXP","PUB","PC_GDP","A","1986",7.897,
"LUX","PENSIONEXP","PUB","PC_GDP","A","1987",8.085,
"LUX","PENSIONEXP","PUB","PC_GDP","A","1988",7.754,
"LUX","PENSIONEXP","PUB","PC_GDP","A","1989",7.585,
"LUX","PENSIONEXP","PUB","PC_GDP","A","1990",7.809,
"LUX","PENSIONEXP","PUB","PC_GDP","A","1991",8.226,
"LUX","PENSIONEXP","PUB","PC_GDP","A","1992",8.275,
"LUX","PENSIONEXP","PUB","PC_GDP","A","1993",8.224,
"LUX","PENSIONEXP","PUB","PC_GDP","A","1994",8.221,
"LUX","PENSIONEXP","PUB","PC_GDP","A","1995",8.438,
"LUX","PENSIONEXP","PUB","PC_GDP","A","1996",8.244,
"LUX","PENSIONEXP","PUB","PC_GDP","A","1997",8.369,
"LUX","PENSIONEXP","PUB","PC_GDP","A","1998",8.219,
"LUX","PENSIONEXP","PUB","PC_GDP","A","1999",7.547,
"LUX","PENSIONEXP","PUB","PC_GDP","A","2000",7.12,
"LUX","PENSIONEXP","PUB","PC_GDP","A","2001",7.22,
"LUX","PENSIONEXP","PUB","PC_GDP","A","2002",7.517,
"LUX","PENSIONEXP","PUB","PC_GDP","A","2003",7.919,
"LUX","PENSIONEXP","PUB","PC_GDP","A","2004",7.803,
"LUX","PENSIONEXP","PUB","PC_GDP","A","2005",7.837,
"LUX","PENSIONEXP","PUB","PC_GDP","A","2006",7.348,
"LUX","PENSIONEXP","PUB","PC_GDP","A","2007",7.104,
"LUX","PENSIONEXP","PUB","PC_GDP","A","2008",7.394,
"LUX","PENSIONEXP","PUB","PC_GDP","A","2009",8.308,
"LUX","PENSIONEXP","PUB","PC_GDP","A","2010",7.996,
"LUX","PENSIONEXP","PUB","PC_GDP","A","2011",7.465,
"LUX","PENSIONEXP","PUB","PC_GDP","A","2012",8.45,
"LUX","PENSIONEXP","PUB","PC_GDP","A","2013",8.517,
"LUX","PENSIONEXP","PUB","PC_GDP","A","2014",8.305,
"LUX","PENSIONEXP","PUB","PC_GDP","A","2015",8.362,
"MEX","PENSIONEXP","PRIV","PC_GDP","A","2001",0.01483923135837,
"MEX","PENSIONEXP","PRIV","PC_GDP","A","2002",0.01892114756772,
"MEX","PENSIONEXP","PRIV","PC_GDP","A","2003",0.07548734853242,
"MEX","PENSIONEXP","PRIV","PC_GDP","A","2004",0.05377828816816,
"MEX","PENSIONEXP","PRIV","PC_GDP","A","2005",0.06056152396257,
"MEX","PENSIONEXP","PRIV","PC_GDP","A","2006",0.19795040000664,
"MEX","PENSIONEXP","PRIV","PC_GDP","A","2007",0.23416583440232,
"MEX","PENSIONEXP","PRIV","PC_GDP","A","2008",0.24616743150898,
"MEX","PENSIONEXP","PRIV","PC_GDP","A","2009",0.33819943264892,
"MEX","PENSIONEXP","PRIV","PC_GDP","A","2010",0.33479284786798,
"MEX","PENSIONEXP","PRIV","PC_GDP","A","2011",0.32427928467502,
"MEX","PENSIONEXP","PRIV","PC_GDP","A","2012",0.33320664894328,
"MEX","PENSIONEXP","PRIV","PC_GDP","A","2013",0.44183222287888,
"MEX","PENSIONEXP","PUB","PC_GDP","A","1985",0.167,
"MEX","PENSIONEXP","PUB","PC_GDP","A","1986",0.183,
"MEX","PENSIONEXP","PUB","PC_GDP","A","1987",0.29,
"MEX","PENSIONEXP","PUB","PC_GDP","A","1988",0.317,
"MEX","PENSIONEXP","PUB","PC_GDP","A","1989",0.472,
"MEX","PENSIONEXP","PUB","PC_GDP","A","1990",0.44,
"MEX","PENSIONEXP","PUB","PC_GDP","A","1991",0.481,
"MEX","PENSIONEXP","PUB","PC_GDP","A","1992",0.569,
"MEX","PENSIONEXP","PUB","PC_GDP","A","1993",0.533,
"MEX","PENSIONEXP","PUB","PC_GDP","A","1994",0.582,
"MEX","PENSIONEXP","PUB","PC_GDP","A","1995",0.599,
"MEX","PENSIONEXP","PUB","PC_GDP","A","1996",0.58,
"MEX","PENSIONEXP","PUB","PC_GDP","A","1997",0.607,
"MEX","PENSIONEXP","PUB","PC_GDP","A","1998",0.719,
"MEX","PENSIONEXP","PUB","PC_GDP","A","1999",0.746,
"MEX","PENSIONEXP","PUB","PC_GDP","A","2000",0.769,
"MEX","PENSIONEXP","PUB","PC_GDP","A","2001",0.844,
"MEX","PENSIONEXP","PUB","PC_GDP","A","2002",0.933,
"MEX","PENSIONEXP","PUB","PC_GDP","A","2003",0.987,
"MEX","PENSIONEXP","PUB","PC_GDP","A","2004",0.96,
"MEX","PENSIONEXP","PUB","PC_GDP","A","2005",1.04,
"MEX","PENSIONEXP","PUB","PC_GDP","A","2006",1.067,
"MEX","PENSIONEXP","PUB","PC_GDP","A","2007",1.185,
"MEX","PENSIONEXP","PUB","PC_GDP","A","2008",1.31,
"MEX","PENSIONEXP","PUB","PC_GDP","A","2009",1.544,
"MEX","PENSIONEXP","PUB","PC_GDP","A","2010",1.638,
"MEX","PENSIONEXP","PUB","PC_GDP","A","2011",1.698,
"MEX","PENSIONEXP","PUB","PC_GDP","A","2012",1.801,
"MEX","PENSIONEXP","PUB","PC_GDP","A","2013",1.993,
"MEX","PENSIONEXP","PUB","PC_GDP","A","2014",2.206,
"MEX","PENSIONEXP","PUB","PC_GDP","A","2015",2.233,
"MEX","PENSIONEXP","PUB","PC_GDP","A","2016",2.308,
"NLD","PENSIONEXP","PRIV","PC_GDP","A","1992",3.1667978042392,
"NLD","PENSIONEXP","PRIV","PC_GDP","A","1993",3.2989037349416,
"NLD","PENSIONEXP","PRIV","PC_GDP","A","1994",3.3352294445009,
"NLD","PENSIONEXP","PRIV","PC_GDP","A","1995",3.2680191081729,
"NLD","PENSIONEXP","PRIV","PC_GDP","A","1996",2.9219217912416,
"NLD","PENSIONEXP","PRIV","PC_GDP","A","1997",2.8446949211256,
"NLD","PENSIONEXP","PRIV","PC_GDP","A","1998",2.8968887832323,
"NLD","PENSIONEXP","PRIV","PC_GDP","A","1999",2.8967752975108,
"NLD","PENSIONEXP","PRIV","PC_GDP","A","2000",2.9796066907866,
"NLD","PENSIONEXP","PRIV","PC_GDP","A","2001",2.8021277711581,
"NLD","PENSIONEXP","PRIV","PC_GDP","A","2002",2.9059597452786,
"NLD","PENSIONEXP","PRIV","PC_GDP","A","2003",3.0197110156295,
"NLD","PENSIONEXP","PRIV","PC_GDP","A","2004",3.168307761018,
"NLD","PENSIONEXP","PRIV","PC_GDP","A","2005",3.2759723538285,
"NLD","PENSIONEXP","PRIV","PC_GDP","A","2006",3.2870341602039,
"NLD","PENSIONEXP","PRIV","PC_GDP","A","2007",3.2918079833029,
"NLD","PENSIONEXP","PRIV","PC_GDP","A","2008",3.3066682520734,
"NLD","PENSIONEXP","PRIV","PC_GDP","A","2009",3.611264047673,
"NLD","PENSIONEXP","PRIV","PC_GDP","A","2010",3.7421299991132,
"NLD","PENSIONEXP","PRIV","PC_GDP","A","2011",3.9019860668907,
"NLD","PENSIONEXP","PRIV","PC_GDP","A","2012",4.0199081163859,
"NLD","PENSIONEXP","PRIV","PC_GDP","A","2013",4.0724767498852,
"NLD","PENSIONEXP","PUB","PC_GDP","A","1980",5.99,
"NLD","PENSIONEXP","PUB","PC_GDP","A","1981",5.919,
"NLD","PENSIONEXP","PUB","PC_GDP","A","1982",6.073,
"NLD","PENSIONEXP","PUB","PC_GDP","A","1983",5.982,
"NLD","PENSIONEXP","PUB","PC_GDP","A","1984",5.721,
"NLD","PENSIONEXP","PUB","PC_GDP","A","1985",5.808,
"NLD","PENSIONEXP","PUB","PC_GDP","A","1986",5.73,
"NLD","PENSIONEXP","PUB","PC_GDP","A","1987",5.787,
"NLD","PENSIONEXP","PUB","PC_GDP","A","1988",5.736,
"NLD","PENSIONEXP","PUB","PC_GDP","A","1989",5.639,
"NLD","PENSIONEXP","PUB","PC_GDP","A","1990",6.305,
"NLD","PENSIONEXP","PUB","PC_GDP","A","1991",6.196,
"NLD","PENSIONEXP","PUB","PC_GDP","A","1992",6.147,
"NLD","PENSIONEXP","PUB","PC_GDP","A","1993",6.063,
"NLD","PENSIONEXP","PUB","PC_GDP","A","1994",5.562,
"NLD","PENSIONEXP","PUB","PC_GDP","A","1995",5.416,
"NLD","PENSIONEXP","PUB","PC_GDP","A","1996",5.367,
"NLD","PENSIONEXP","PUB","PC_GDP","A","1997",5.191,
"NLD","PENSIONEXP","PUB","PC_GDP","A","1998",5.003,
"NLD","PENSIONEXP","PUB","PC_GDP","A","1999",4.889,
"NLD","PENSIONEXP","PUB","PC_GDP","A","2000",4.673,
"NLD","PENSIONEXP","PUB","PC_GDP","A","2001",4.645,
"NLD","PENSIONEXP","PUB","PC_GDP","A","2002",4.705,
"NLD","PENSIONEXP","PUB","PC_GDP","A","2003",4.793,
"NLD","PENSIONEXP","PUB","PC_GDP","A","2004",4.709,
"NLD","PENSIONEXP","PUB","PC_GDP","A","2005",4.722,
"NLD","PENSIONEXP","PUB","PC_GDP","A","2006",4.546,
"NLD","PENSIONEXP","PUB","PC_GDP","A","2007",4.497,
"NLD","PENSIONEXP","PUB","PC_GDP","A","2008",4.487,
"NLD","PENSIONEXP","PUB","PC_GDP","A","2009",4.939,
"NLD","PENSIONEXP","PUB","PC_GDP","A","2010",4.997,
"NLD","PENSIONEXP","PUB","PC_GDP","A","2011",5.094,
"NLD","PENSIONEXP","PUB","PC_GDP","A","2012",5.273,
"NLD","PENSIONEXP","PUB","PC_GDP","A","2013",5.398,
"NLD","PENSIONEXP","PUB","PC_GDP","A","2014",5.472,
"NLD","PENSIONEXP","PUB","PC_GDP","A","2015",5.372,
"NZL","PENSIONEXP","PRIV","PC_GDP","A","2001",2.2701419428056,
"NZL","PENSIONEXP","PRIV","PC_GDP","A","2002",2.0604916402511,
"NZL","PENSIONEXP","PRIV","PC_GDP","A","2003",1.8540598448467,
"NZL","PENSIONEXP","PRIV","PC_GDP","A","2004",1.4202803389502,
"NZL","PENSIONEXP","PRIV","PC_GDP","A","2005",1.3160471816338,
"NZL","PENSIONEXP","PRIV","PC_GDP","A","2006",1.5304124342186,
"NZL","PENSIONEXP","PRIV","PC_GDP","A","2007",1.3373620874261,
"NZL","PENSIONEXP","PRIV","PC_GDP","A","2008",1.3959411319052,
"NZL","PENSIONEXP","PRIV","PC_GDP","A","2009",1.9284401421394,
"NZL","PENSIONEXP","PRIV","PC_GDP","A","2010",1.3588862098468,
"NZL","PENSIONEXP","PRIV","PC_GDP","A","2011",1.323462166036,
"NZL","PENSIONEXP","PRIV","PC_GDP","A","2012",1.4287922016167,
"NZL","PENSIONEXP","PRIV","PC_GDP","A","2013",1.6712389195615,
"NZL","PENSIONEXP","PUB","PC_GDP","A","1980",6.969,
"NZL","PENSIONEXP","PUB","PC_GDP","A","1981",6.946,
"NZL","PENSIONEXP","PUB","PC_GDP","A","1982",7.769,
"NZL","PENSIONEXP","PUB","PC_GDP","A","1983",7.23,
"NZL","PENSIONEXP","PUB","PC_GDP","A","1984",6.965,
"NZL","PENSIONEXP","PUB","PC_GDP","A","1985",7.348,
"NZL","PENSIONEXP","PUB","PC_GDP","A","1986",6.686,
"NZL","PENSIONEXP","PUB","PC_GDP","A","1987",6.501,
"NZL","PENSIONEXP","PUB","PC_GDP","A","1988",6.535,
"NZL","PENSIONEXP","PUB","PC_GDP","A","1989",6.831,
"NZL","PENSIONEXP","PUB","PC_GDP","A","1990",7.204,
"NZL","PENSIONEXP","PUB","PC_GDP","A","1991",7.562,
"NZL","PENSIONEXP","PUB","PC_GDP","A","1992",6.887,
"NZL","PENSIONEXP","PUB","PC_GDP","A","1993",6.303,
"NZL","PENSIONEXP","PUB","PC_GDP","A","1994",5.881,
"NZL","PENSIONEXP","PUB","PC_GDP","A","1995",5.546,
"NZL","PENSIONEXP","PUB","PC_GDP","A","1996",5.374,
"NZL","PENSIONEXP","PUB","PC_GDP","A","1997",5.251,
"NZL","PENSIONEXP","PUB","PC_GDP","A","1998",5.195,
"NZL","PENSIONEXP","PUB","PC_GDP","A","1999",4.926,
"NZL","PENSIONEXP","PUB","PC_GDP","A","2000",4.849,
"NZL","PENSIONEXP","PUB","PC_GDP","A","2001",4.635,
"NZL","PENSIONEXP","PUB","PC_GDP","A","2002",4.524,
"NZL","PENSIONEXP","PUB","PC_GDP","A","2003",4.355,
"NZL","PENSIONEXP","PUB","PC_GDP","A","2004",4.188,
"NZL","PENSIONEXP","PUB","PC_GDP","A","2005",4.172,
"NZL","PENSIONEXP","PUB","PC_GDP","A","2006",4.186,
"NZL","PENSIONEXP","PUB","PC_GDP","A","2007",4.155,
"NZL","PENSIONEXP","PUB","PC_GDP","A","2008",4.308,
"NZL","PENSIONEXP","PUB","PC_GDP","A","2009",4.502,
"NZL","PENSIONEXP","PUB","PC_GDP","A","2010",4.558,
"NZL","PENSIONEXP","PUB","PC_GDP","A","2011",4.698,
"NZL","PENSIONEXP","PUB","PC_GDP","A","2012",4.891,
"NZL","PENSIONEXP","PUB","PC_GDP","A","2013",4.795,
"NZL","PENSIONEXP","PUB","PC_GDP","A","2014",5.042,
"NZL","PENSIONEXP","PUB","PC_GDP","A","2015",4.933,
"NZL","PENSIONEXP","PUB","PC_GDP","A","2016",4.927,
"NZL","PENSIONEXP","PUB","PC_GDP","A","2017",4.843,
"NOR","PENSIONEXP","PRIV","PC_GDP","A","2005",0.90579664967606,
"NOR","PENSIONEXP","PRIV","PC_GDP","A","2006",0.88046288739464,
"NOR","PENSIONEXP","PRIV","PC_GDP","A","2007",0.863037813726,
"NOR","PENSIONEXP","PRIV","PC_GDP","A","2008",0.90144239995701,
"NOR","PENSIONEXP","PRIV","PC_GDP","A","2009",1.0842088193677,
"NOR","PENSIONEXP","PRIV","PC_GDP","A","2010",0.99828191232039,
"NOR","PENSIONEXP","PRIV","PC_GDP","A","2011",0.96524182003193,
"NOR","PENSIONEXP","PRIV","PC_GDP","A","2012",0.98446968981603,
"NOR","PENSIONEXP","PRIV","PC_GDP","A","2013",1.0248338357554,
"NOR","PENSIONEXP","PUB","PC_GDP","A","1980",4.474,
"NOR","PENSIONEXP","PUB","PC_GDP","A","1985",4.63,
"NOR","PENSIONEXP","PUB","PC_GDP","A","1988",5.412,
"NOR","PENSIONEXP","PUB","PC_GDP","A","1989",5.458,
"NOR","PENSIONEXP","PUB","PC_GDP","A","1990",5.539,
"NOR","PENSIONEXP","PUB","PC_GDP","A","1991",5.548,
"NOR","PENSIONEXP","PUB","PC_GDP","A","1992",5.614,
"NOR","PENSIONEXP","PUB","PC_GDP","A","1993",5.58,
"NOR","PENSIONEXP","PUB","PC_GDP","A","1994",5.546,
"NOR","PENSIONEXP","PUB","PC_GDP","A","1995",5.4,
"NOR","PENSIONEXP","PUB","PC_GDP","A","1996",5.178,
"NOR","PENSIONEXP","PUB","PC_GDP","A","1997",5.063,
"NOR","PENSIONEXP","PUB","PC_GDP","A","1998",5.447,
"NOR","PENSIONEXP","PUB","PC_GDP","A","1999",5.334,
"NOR","PENSIONEXP","PUB","PC_GDP","A","2000",4.702,
"NOR","PENSIONEXP","PUB","PC_GDP","A","2001",4.772,
"NOR","PENSIONEXP","PUB","PC_GDP","A","2002",5.123,
"NOR","PENSIONEXP","PUB","PC_GDP","A","2003",5.252,
"NOR","PENSIONEXP","PUB","PC_GDP","A","2004",5.054,
"NOR","PENSIONEXP","PUB","PC_GDP","A","2005",4.764,
"NOR","PENSIONEXP","PUB","PC_GDP","A","2006",4.513,
"NOR","PENSIONEXP","PUB","PC_GDP","A","2007",4.565,
"NOR","PENSIONEXP","PUB","PC_GDP","A","2008",4.481,
"NOR","PENSIONEXP","PUB","PC_GDP","A","2009",5.145,
"NOR","PENSIONEXP","PUB","PC_GDP","A","2010",5.166,
"NOR","PENSIONEXP","PUB","PC_GDP","A","2011",5.347,
"NOR","PENSIONEXP","PUB","PC_GDP","A","2012",5.547,
"NOR","PENSIONEXP","PUB","PC_GDP","A","2013",5.805,
"NOR","PENSIONEXP","PUB","PC_GDP","A","2014",6.141,
"NOR","PENSIONEXP","PUB","PC_GDP","A","2015",6.568,
"POL","PENSIONEXP","PRIV","PC_GDP","A","1999",0,
"POL","PENSIONEXP","PRIV","PC_GDP","A","2000",0,
"POL","PENSIONEXP","PRIV","PC_GDP","A","2001",0,
"POL","PENSIONEXP","PRIV","PC_GDP","A","2002",0,
"POL","PENSIONEXP","PRIV","PC_GDP","A","2003",0,
"POL","PENSIONEXP","PRIV","PC_GDP","A","2004",0,
"POL","PENSIONEXP","PRIV","PC_GDP","A","2005",0.00175539267696,
"POL","PENSIONEXP","PRIV","PC_GDP","A","2006",0.00292075731528,
"POL","PENSIONEXP","PRIV","PC_GDP","A","2007",0.00502510479258,
"POL","PENSIONEXP","PRIV","PC_GDP","A","2008",0.00511951183335,
"POL","PENSIONEXP","PRIV","PC_GDP","A","2009",0.00827958538312,
"POL","PENSIONEXP","PRIV","PC_GDP","A","2010",0.00770199443214,
"POL","PENSIONEXP","PRIV","PC_GDP","A","2011",0.0104144053851,
"POL","PENSIONEXP","PRIV","PC_GDP","A","2012",0.01276085337714,
"POL","PENSIONEXP","PRIV","PC_GDP","A","2013",0.02006782928091,
"POL","PENSIONEXP","PUB","PC_GDP","A","1990",5.032,
"POL","PENSIONEXP","PUB","PC_GDP","A","1991",7.735,
"POL","PENSIONEXP","PUB","PC_GDP","A","1992",9.235,
"POL","PENSIONEXP","PUB","PC_GDP","A","1993",9.487,
"POL","PENSIONEXP","PUB","PC_GDP","A","1994",9.408,
"POL","PENSIONEXP","PUB","PC_GDP","A","1995",9.221,
"POL","PENSIONEXP","PUB","PC_GDP","A","1996",9.221,
"POL","PENSIONEXP","PUB","PC_GDP","A","1997",9.55,
"POL","PENSIONEXP","PUB","PC_GDP","A","1998",9.154,
"POL","PENSIONEXP","PUB","PC_GDP","A","1999",9.298,
"POL","PENSIONEXP","PUB","PC_GDP","A","2000",10.471,
"POL","PENSIONEXP","PUB","PC_GDP","A","2001",11.467,
"POL","PENSIONEXP","PUB","PC_GDP","A","2002",11.694,
"POL","PENSIONEXP","PUB","PC_GDP","A","2003",11.884,
"POL","PENSIONEXP","PUB","PC_GDP","A","2004",11.571,
"POL","PENSIONEXP","PUB","PC_GDP","A","2005",11.275,
"POL","PENSIONEXP","PUB","PC_GDP","A","2006",11.356,
"POL","PENSIONEXP","PUB","PC_GDP","A","2007",10.616,
"POL","PENSIONEXP","PUB","PC_GDP","A","2008",10.787,
"POL","PENSIONEXP","PUB","PC_GDP","A","2009",11.624,
"POL","PENSIONEXP","PUB","PC_GDP","A","2010",11.054,
"POL","PENSIONEXP","PUB","PC_GDP","A","2011",10.55,
"POL","PENSIONEXP","PUB","PC_GDP","A","2012",10.827,
"POL","PENSIONEXP","PUB","PC_GDP","A","2013",11.195,
"POL","PENSIONEXP","PUB","PC_GDP","A","2014",11.14,
"PRT","PENSIONEXP","PRIV","PC_GDP","A","1999",0.63516985162614,
"PRT","PENSIONEXP","PRIV","PC_GDP","A","2000",0.66236280925779,
"PRT","PENSIONEXP","PRIV","PC_GDP","A","2001",0.7235727353371,
"PRT","PENSIONEXP","PRIV","PC_GDP","A","2002",0.95093054456452,
"PRT","PENSIONEXP","PRIV","PC_GDP","A","2003",0.82760734856659,
"PRT","PENSIONEXP","PRIV","PC_GDP","A","2004",0.8284494392984,
"PRT","PENSIONEXP","PRIV","PC_GDP","A","2005",0.81827044969323,
"PRT","PENSIONEXP","PRIV","PC_GDP","A","2006",0.94671019095488,
"PRT","PENSIONEXP","PRIV","PC_GDP","A","2007",0.91115546512549,
"PRT","PENSIONEXP","PRIV","PC_GDP","A","2008",1.3357587610288,
"PRT","PENSIONEXP","PRIV","PC_GDP","A","2009",0.96218787364042,
"PRT","PENSIONEXP","PRIV","PC_GDP","A","2010",0.6854089133651,
"PRT","PENSIONEXP","PRIV","PC_GDP","A","2011",0.78597177785119,
"PRT","PENSIONEXP","PRIV","PC_GDP","A","2012",0.44238862338033,
"PRT","PENSIONEXP","PRIV","PC_GDP","A","2013",0.40711703254348,
"PRT","PENSIONEXP","PUB","PC_GDP","A","1980",3.672,
"PRT","PENSIONEXP","PUB","PC_GDP","A","1981",3.943,
"PRT","PENSIONEXP","PUB","PC_GDP","A","1982",3.716,
"PRT","PENSIONEXP","PUB","PC_GDP","A","1983",4.206,
"PRT","PENSIONEXP","PUB","PC_GDP","A","1984",4.068,
"PRT","PENSIONEXP","PUB","PC_GDP","A","1985",4.015,
"PRT","PENSIONEXP","PUB","PC_GDP","A","1986",4.189,
"PRT","PENSIONEXP","PUB","PC_GDP","A","1987",4.477,
"PRT","PENSIONEXP","PUB","PC_GDP","A","1988",4.382,
"PRT","PENSIONEXP","PUB","PC_GDP","A","1989",4.336,
"PRT","PENSIONEXP","PUB","PC_GDP","A","1990",4.825,
"PRT","PENSIONEXP","PUB","PC_GDP","A","1991",5.222,
"PRT","PENSIONEXP","PUB","PC_GDP","A","1992",5.692,
"PRT","PENSIONEXP","PUB","PC_GDP","A","1993",6.264,
"PRT","PENSIONEXP","PUB","PC_GDP","A","1994",6.452,
"PRT","PENSIONEXP","PUB","PC_GDP","A","1995",7.1,
"PRT","PENSIONEXP","PUB","PC_GDP","A","1996",7.334,
"PRT","PENSIONEXP","PUB","PC_GDP","A","1997",7.242,
"PRT","PENSIONEXP","PUB","PC_GDP","A","1998",7.271,
"PRT","PENSIONEXP","PUB","PC_GDP","A","1999",7.571,
"PRT","PENSIONEXP","PUB","PC_GDP","A","2000",7.821,
"PRT","PENSIONEXP","PUB","PC_GDP","A","2001",8.207,
"PRT","PENSIONEXP","PUB","PC_GDP","A","2002",8.597,
"PRT","PENSIONEXP","PUB","PC_GDP","A","2003",9.1,
"PRT","PENSIONEXP","PUB","PC_GDP","A","2004",9.682,
"PRT","PENSIONEXP","PUB","PC_GDP","A","2005",10.014,
"PRT","PENSIONEXP","PUB","PC_GDP","A","2006",10.257,
"PRT","PENSIONEXP","PUB","PC_GDP","A","2007",10.346,
"PRT","PENSIONEXP","PUB","PC_GDP","A","2008",10.873,
"PRT","PENSIONEXP","PUB","PC_GDP","A","2009",11.831,
"PRT","PENSIONEXP","PUB","PC_GDP","A","2010",11.989,
"PRT","PENSIONEXP","PUB","PC_GDP","A","2011",12.668,
"PRT","PENSIONEXP","PUB","PC_GDP","A","2012",12.999,
"PRT","PENSIONEXP","PUB","PC_GDP","A","2013",13.953,
"PRT","PENSIONEXP","PUB","PC_GDP","A","2014",13.934,
"PRT","PENSIONEXP","PUB","PC_GDP","A","2015",13.342,
"SVK","PENSIONEXP","PUB","PC_GDP","A","1995",6.18,
"SVK","PENSIONEXP","PUB","PC_GDP","A","1996",6.176,
"SVK","PENSIONEXP","PUB","PC_GDP","A","1997",6.131,
"SVK","PENSIONEXP","PUB","PC_GDP","A","1998",6.267,
"SVK","PENSIONEXP","PUB","PC_GDP","A","1999",6.332,
"SVK","PENSIONEXP","PUB","PC_GDP","A","2000",6.258,
"SVK","PENSIONEXP","PUB","PC_GDP","A","2001",6.289,
"SVK","PENSIONEXP","PUB","PC_GDP","A","2002",6.338,
"SVK","PENSIONEXP","PUB","PC_GDP","A","2003",6.126,
"SVK","PENSIONEXP","PUB","PC_GDP","A","2004",6.05,
"SVK","PENSIONEXP","PUB","PC_GDP","A","2005",6.042,
"SVK","PENSIONEXP","PUB","PC_GDP","A","2006",5.885,
"SVK","PENSIONEXP","PUB","PC_GDP","A","2007",5.71,
"SVK","PENSIONEXP","PUB","PC_GDP","A","2008",5.583,
"SVK","PENSIONEXP","PUB","PC_GDP","A","2009",6.876,
"SVK","PENSIONEXP","PUB","PC_GDP","A","2010",6.793,
"SVK","PENSIONEXP","PUB","PC_GDP","A","2011",6.789,
"SVK","PENSIONEXP","PUB","PC_GDP","A","2012",6.959,
"SVK","PENSIONEXP","PUB","PC_GDP","A","2013",7.163,
"SVK","PENSIONEXP","PUB","PC_GDP","A","2014",7.433,
"SVK","PENSIONEXP","PUB","PC_GDP","A","2015",7.339,
"ESP","PENSIONEXP","PRIV","PC_GDP","A","2001",0.40756624466783,
"ESP","PENSIONEXP","PRIV","PC_GDP","A","2002",0.56984363822722,
"ESP","PENSIONEXP","PRIV","PC_GDP","A","2003",0.42601609016867,
"ESP","PENSIONEXP","PRIV","PC_GDP","A","2004",0.47483295024494,
"ESP","PENSIONEXP","PRIV","PC_GDP","A","2005",0.53048198623204,
"ESP","PENSIONEXP","PRIV","PC_GDP","A","2006",0.54902187655634,
"ESP","PENSIONEXP","PRIV","PC_GDP","A","2007",0.50424985867042,
"ESP","PENSIONEXP","PRIV","PC_GDP","A","2008",0.55665947266054,
"ESP","PENSIONEXP","PRIV","PC_GDP","A","2009",0.56442827566138,
"ESP","PENSIONEXP","PRIV","PC_GDP","A","2010",0.585888966087,
"ESP","PENSIONEXP","PRIV","PC_GDP","A","2011",0.66141799911547,
"ESP","PENSIONEXP","PRIV","PC_GDP","A","2012",0.66198142837376,
"ESP","PENSIONEXP","PRIV","PC_GDP","A","2013",0.63441007795604,
"ESP","PENSIONEXP","PUB","PC_GDP","A","1980",6.058,
"ESP","PENSIONEXP","PUB","PC_GDP","A","1981",6.591,
"ESP","PENSIONEXP","PUB","PC_GDP","A","1982",6.743,
"ESP","PENSIONEXP","PUB","PC_GDP","A","1983",7.017,
"ESP","PENSIONEXP","PUB","PC_GDP","A","1984",7.177,
"ESP","PENSIONEXP","PUB","PC_GDP","A","1985",7.339,
"ESP","PENSIONEXP","PUB","PC_GDP","A","1986",7.255,
"ESP","PENSIONEXP","PUB","PC_GDP","A","1987",7.159,
"ESP","PENSIONEXP","PUB","PC_GDP","A","1988",7.112,
"ESP","PENSIONEXP","PUB","PC_GDP","A","1989",7.195,
"ESP","PENSIONEXP","PUB","PC_GDP","A","1990",7.707,
"ESP","PENSIONEXP","PUB","PC_GDP","A","1991",7.882,
"ESP","PENSIONEXP","PUB","PC_GDP","A","1992",8.209,
"ESP","PENSIONEXP","PUB","PC_GDP","A","1993",8.623,
"ESP","PENSIONEXP","PUB","PC_GDP","A","1994",8.652,
"ESP","PENSIONEXP","PUB","PC_GDP","A","1995",8.771,
"ESP","PENSIONEXP","PUB","PC_GDP","A","1996",8.923,
"ESP","PENSIONEXP","PUB","PC_GDP","A","1997",8.834,
"ESP","PENSIONEXP","PUB","PC_GDP","A","1998",8.557,
"ESP","PENSIONEXP","PUB","PC_GDP","A","1999",8.345,
"ESP","PENSIONEXP","PUB","PC_GDP","A","2000",8.419,
"ESP","PENSIONEXP","PUB","PC_GDP","A","2001",8.131,
"ESP","PENSIONEXP","PUB","PC_GDP","A","2002",8.107,
"ESP","PENSIONEXP","PUB","PC_GDP","A","2003",7.984,
"ESP","PENSIONEXP","PUB","PC_GDP","A","2004",7.963,
"ESP","PENSIONEXP","PUB","PC_GDP","A","2005",7.934,
"ESP","PENSIONEXP","PUB","PC_GDP","A","2006",7.826,
"ESP","PENSIONEXP","PUB","PC_GDP","A","2007",8.065,
"ESP","PENSIONEXP","PUB","PC_GDP","A","2008",8.343,
"ESP","PENSIONEXP","PUB","PC_GDP","A","2009",9.234,
"ESP","PENSIONEXP","PUB","PC_GDP","A","2010",9.103,
"ESP","PENSIONEXP","PUB","PC_GDP","A","2011",9.582,
"ESP","PENSIONEXP","PUB","PC_GDP","A","2012",10.255,
"ESP","PENSIONEXP","PUB","PC_GDP","A","2013",10.908,
"ESP","PENSIONEXP","PUB","PC_GDP","A","2014",11.169,
"ESP","PENSIONEXP","PUB","PC_GDP","A","2015",11.015,
"SWE","PENSIONEXP","PRIV","PC_GDP","A","2005",0.94498361395524,
"SWE","PENSIONEXP","PRIV","PC_GDP","A","2006",1.0610887550212,
"SWE","PENSIONEXP","PRIV","PC_GDP","A","2007",1.1626443372309,
"SWE","PENSIONEXP","PRIV","PC_GDP","A","2008",1.1614420715085,
"SWE","PENSIONEXP","PRIV","PC_GDP","A","2009",1.2276080132364,
"SWE","PENSIONEXP","PRIV","PC_GDP","A","2010",1.266820341171,
"SWE","PENSIONEXP","PRIV","PC_GDP","A","2011",1.3460402994385,
"SWE","PENSIONEXP","PRIV","PC_GDP","A","2012",1.4770679548415,
"SWE","PENSIONEXP","PRIV","PC_GDP","A","2013",1.5744833929181,
"SWE","PENSIONEXP","PUB","PC_GDP","A","1980",6.685,
"SWE","PENSIONEXP","PUB","PC_GDP","A","1981",7.21,
"SWE","PENSIONEXP","PUB","PC_GDP","A","1982",7.215,
"SWE","PENSIONEXP","PUB","PC_GDP","A","1983",7.362,
"SWE","PENSIONEXP","PUB","PC_GDP","A","1984",7.038,
"SWE","PENSIONEXP","PUB","PC_GDP","A","1985",7.191,
"SWE","PENSIONEXP","PUB","PC_GDP","A","1986",7.296,
"SWE","PENSIONEXP","PUB","PC_GDP","A","1987",7.27,
"SWE","PENSIONEXP","PUB","PC_GDP","A","1988",7.31,
"SWE","PENSIONEXP","PUB","PC_GDP","A","1989",7.332,
"SWE","PENSIONEXP","PUB","PC_GDP","A","1990",7.292,
"SWE","PENSIONEXP","PUB","PC_GDP","A","1991",7.622,
"SWE","PENSIONEXP","PUB","PC_GDP","A","1992",8.195,
"SWE","PENSIONEXP","PUB","PC_GDP","A","1993",8.41,
"SWE","PENSIONEXP","PUB","PC_GDP","A","1994",8.219,
"SWE","PENSIONEXP","PUB","PC_GDP","A","1995",7.851,
"SWE","PENSIONEXP","PUB","PC_GDP","A","1996",7.838,
"SWE","PENSIONEXP","PUB","PC_GDP","A","1997",7.585,
"SWE","PENSIONEXP","PUB","PC_GDP","A","1998",7.322,
"SWE","PENSIONEXP","PUB","PC_GDP","A","1999",7.168,
"SWE","PENSIONEXP","PUB","PC_GDP","A","2000",6.886,
"SWE","PENSIONEXP","PUB","PC_GDP","A","2001",6.785,
"SWE","PENSIONEXP","PUB","PC_GDP","A","2002",6.849,
"SWE","PENSIONEXP","PUB","PC_GDP","A","2003",7.406,
"SWE","PENSIONEXP","PUB","PC_GDP","A","2004",7.308,
"SWE","PENSIONEXP","PUB","PC_GDP","A","2005",7.218,
"SWE","PENSIONEXP","PUB","PC_GDP","A","2006",6.963,
"SWE","PENSIONEXP","PUB","PC_GDP","A","2007",6.805,
"SWE","PENSIONEXP","PUB","PC_GDP","A","2008",7.005,
"SWE","PENSIONEXP","PUB","PC_GDP","A","2009",7.768,
"SWE","PENSIONEXP","PUB","PC_GDP","A","2010",7.306,
"SWE","PENSIONEXP","PUB","PC_GDP","A","2011",7.023,
"SWE","PENSIONEXP","PUB","PC_GDP","A","2012",7.407,
"SWE","PENSIONEXP","PUB","PC_GDP","A","2013",7.698,
"SWE","PENSIONEXP","PUB","PC_GDP","A","2014",7.408,
"SWE","PENSIONEXP","PUB","PC_GDP","A","2015",7.168,
"CHE","PENSIONEXP","PRIV","PC_GDP","A","1994",3.415324211668,
"CHE","PENSIONEXP","PRIV","PC_GDP","A","1995",3.68579886254,
"CHE","PENSIONEXP","PRIV","PC_GDP","A","1996",3.9791285281376,
"CHE","PENSIONEXP","PRIV","PC_GDP","A","1997",4.186354867882,
"CHE","PENSIONEXP","PRIV","PC_GDP","A","1998",4.3528207827581,
"CHE","PENSIONEXP","PRIV","PC_GDP","A","1999",0,
"CHE","PENSIONEXP","PRIV","PC_GDP","A","2000",4.7628102563383,
"CHE","PENSIONEXP","PRIV","PC_GDP","A","2001",4.341989890133,
"CHE","PENSIONEXP","PRIV","PC_GDP","A","2002",4.4834281406697,
"CHE","PENSIONEXP","PRIV","PC_GDP","A","2003",4.7387892788203,
"CHE","PENSIONEXP","PRIV","PC_GDP","A","2004",4.8803085442052,
"CHE","PENSIONEXP","PRIV","PC_GDP","A","2005",4.8159997351533,
"CHE","PENSIONEXP","PRIV","PC_GDP","A","2006",4.8249928362423,
"CHE","PENSIONEXP","PRIV","PC_GDP","A","2007",4.7905586703992,
"CHE","PENSIONEXP","PRIV","PC_GDP","A","2008",4.7520503263833,
"CHE","PENSIONEXP","PRIV","PC_GDP","A","2009",5.0187229361461,
"CHE","PENSIONEXP","PRIV","PC_GDP","A","2010",4.5920268014769,
"CHE","PENSIONEXP","PRIV","PC_GDP","A","2011",4.6221526291684,
"CHE","PENSIONEXP","PRIV","PC_GDP","A","2012",4.7468762818364,
"CHE","PENSIONEXP","PRIV","PC_GDP","A","2013",4.7619269250662,
"CHE","PENSIONEXP","PUB","PC_GDP","A","1980",5.48,
"CHE","PENSIONEXP","PUB","PC_GDP","A","1981",5.168,
"CHE","PENSIONEXP","PUB","PC_GDP","A","1982",5.585,
"CHE","PENSIONEXP","PUB","PC_GDP","A","1983",5.507,
"CHE","PENSIONEXP","PUB","PC_GDP","A","1984",5.819,
"CHE","PENSIONEXP","PUB","PC_GDP","A","1985",5.601,
"CHE","PENSIONEXP","PUB","PC_GDP","A","1986",5.676,
"CHE","PENSIONEXP","PUB","PC_GDP","A","1987",5.651,
"CHE","PENSIONEXP","PUB","PC_GDP","A","1988",5.641,
"CHE","PENSIONEXP","PUB","PC_GDP","A","1989",5.329,
"CHE","PENSIONEXP","PUB","PC_GDP","A","1990",5.149,
"CHE","PENSIONEXP","PUB","PC_GDP","A","1991",5.353,
"CHE","PENSIONEXP","PUB","PC_GDP","A","1992",5.642,
"CHE","PENSIONEXP","PUB","PC_GDP","A","1993",5.969,
"CHE","PENSIONEXP","PUB","PC_GDP","A","1994",5.911,
"CHE","PENSIONEXP","PUB","PC_GDP","A","1995",6.08,
"CHE","PENSIONEXP","PUB","PC_GDP","A","1996",6.084,
"CHE","PENSIONEXP","PUB","PC_GDP","A","1997",6.199,
"CHE","PENSIONEXP","PUB","PC_GDP","A","1998",6.201,
"CHE","PENSIONEXP","PUB","PC_GDP","A","1999",6.251,
"CHE","PENSIONEXP","PUB","PC_GDP","A","2000",6.023,
"CHE","PENSIONEXP","PUB","PC_GDP","A","2001",6.162,
"CHE","PENSIONEXP","PUB","PC_GDP","A","2002",6.188,
"CHE","PENSIONEXP","PUB","PC_GDP","A","2003",6.331,
"CHE","PENSIONEXP","PUB","PC_GDP","A","2004",6.213,
"CHE","PENSIONEXP","PUB","PC_GDP","A","2005",6.152,
"CHE","PENSIONEXP","PUB","PC_GDP","A","2006",5.867,
"CHE","PENSIONEXP","PUB","PC_GDP","A","2007",5.785,
"CHE","PENSIONEXP","PUB","PC_GDP","A","2008",5.697,
"CHE","PENSIONEXP","PUB","PC_GDP","A","2009",6.133,
"CHE","PENSIONEXP","PUB","PC_GDP","A","2010",6.08,
"CHE","PENSIONEXP","PUB","PC_GDP","A","2011",6.196,
"CHE","PENSIONEXP","PUB","PC_GDP","A","2012",6.288,
"CHE","PENSIONEXP","PUB","PC_GDP","A","2013",6.354,
"CHE","PENSIONEXP","PUB","PC_GDP","A","2014",6.389,
"CHE","PENSIONEXP","PUB","PC_GDP","A","2015",6.486,
"TUR","PENSIONEXP","PRIV","PC_GDP","A","2004",0.0434223679103,
"TUR","PENSIONEXP","PRIV","PC_GDP","A","2005",0.0499385822884,
"TUR","PENSIONEXP","PRIV","PC_GDP","A","2006",0.04891673263969,
"TUR","PENSIONEXP","PRIV","PC_GDP","A","2007",0.05007142747015,
"TUR","PENSIONEXP","PRIV","PC_GDP","A","2008",0.07513220608767,
"TUR","PENSIONEXP","PRIV","PC_GDP","A","2009",0.08904858976655,
"TUR","PENSIONEXP","PRIV","PC_GDP","A","2010",0.07456025932852,
"TUR","PENSIONEXP","PRIV","PC_GDP","A","2011",0.00390454312964,
"TUR","PENSIONEXP","PUB","PC_GDP","A","1980",0.276,
"TUR","PENSIONEXP","PUB","PC_GDP","A","1981",0.27,
"TUR","PENSIONEXP","PUB","PC_GDP","A","1982",0.249,
"TUR","PENSIONEXP","PUB","PC_GDP","A","1983",0.3,
"TUR","PENSIONEXP","PUB","PC_GDP","A","1984",0.279,
"TUR","PENSIONEXP","PUB","PC_GDP","A","1985",0.262,
"TUR","PENSIONEXP","PUB","PC_GDP","A","1986",0.249,
"TUR","PENSIONEXP","PUB","PC_GDP","A","1987",0.256,
"TUR","PENSIONEXP","PUB","PC_GDP","A","1988",0.257,
"TUR","PENSIONEXP","PUB","PC_GDP","A","1989",0.331,
"TUR","PENSIONEXP","PUB","PC_GDP","A","1990",0.698,
"TUR","PENSIONEXP","PUB","PC_GDP","A","1991",0.503,
"TUR","PENSIONEXP","PUB","PC_GDP","A","1992",0.524,
"TUR","PENSIONEXP","PUB","PC_GDP","A","1993",0.557,
"TUR","PENSIONEXP","PUB","PC_GDP","A","1994",0.551,
"TUR","PENSIONEXP","PUB","PC_GDP","A","1995",0.56,
"TUR","PENSIONEXP","PUB","PC_GDP","A","1996",0.663,
"TUR","PENSIONEXP","PUB","PC_GDP","A","1997",0.842,
"TUR","PENSIONEXP","PUB","PC_GDP","A","1998",0.763,
"TUR","PENSIONEXP","PUB","PC_GDP","A","1999",0.925,
"TUR","PENSIONEXP","PUB","PC_GDP","A","2000",3.908,
"TUR","PENSIONEXP","PUB","PC_GDP","A","2001",4.337,
"TUR","PENSIONEXP","PUB","PC_GDP","A","2002",4.628,
"TUR","PENSIONEXP","PUB","PC_GDP","A","2003",5.534,
"TUR","PENSIONEXP","PUB","PC_GDP","A","2004",5.847,
"TUR","PENSIONEXP","PUB","PC_GDP","A","2005",6.048,
"TUR","PENSIONEXP","PUB","PC_GDP","A","2006",6.12,
"TUR","PENSIONEXP","PUB","PC_GDP","A","2007",6.495,
"TUR","PENSIONEXP","PUB","PC_GDP","A","2008",6.512,
"TUR","PENSIONEXP","PUB","PC_GDP","A","2009",7.513,
"TUR","PENSIONEXP","PUB","PC_GDP","A","2010",7.413,
"TUR","PENSIONEXP","PUB","PC_GDP","A","2011",7.131,
"TUR","PENSIONEXP","PUB","PC_GDP","A","2012",7.293,
"TUR","PENSIONEXP","PUB","PC_GDP","A","2013",7.18,
"TUR","PENSIONEXP","PUB","PC_GDP","A","2014",7.14,
"TUR","PENSIONEXP","PUB","PC_GDP","A","2015",7.099,
"TUR","PENSIONEXP","PUB","PC_GDP","A","2016",7.719,
"GBR","PENSIONEXP","PRIV","PC_GDP","A","2001",2.7348243653637,
"GBR","PENSIONEXP","PRIV","PC_GDP","A","2002",2.7934846142623,
"GBR","PENSIONEXP","PRIV","PC_GDP","A","2003",2.7104848701203,
"GBR","PENSIONEXP","PRIV","PC_GDP","A","2004",2.6396779454282,
"GBR","PENSIONEXP","PRIV","PC_GDP","A","2005",2.779988844165,
"GBR","PENSIONEXP","PRIV","PC_GDP","A","2006",2.8445722313329,
"GBR","PENSIONEXP","PRIV","PC_GDP","A","2007",2.6415369531573,
"GBR","PENSIONEXP","PRIV","PC_GDP","A","2008",2.7079526560982,
"GBR","PENSIONEXP","PRIV","PC_GDP","A","2009",2.9993711812078,
"GBR","PENSIONEXP","PRIV","PC_GDP","A","2010",3.0977980126607,
"GBR","PENSIONEXP","PRIV","PC_GDP","A","2011",3.0180314117095,
"GBR","PENSIONEXP","PRIV","PC_GDP","A","2012",3.1052009684762,
"GBR","PENSIONEXP","PRIV","PC_GDP","A","2013",3.1444929199438,
"GBR","PENSIONEXP","PUB","PC_GDP","A","1980",5.253,
"GBR","PENSIONEXP","PUB","PC_GDP","A","1981",5.536,
"GBR","PENSIONEXP","PUB","PC_GDP","A","1982",5.601,
"GBR","PENSIONEXP","PUB","PC_GDP","A","1983",5.515,
"GBR","PENSIONEXP","PUB","PC_GDP","A","1984",5.404,
"GBR","PENSIONEXP","PUB","PC_GDP","A","1985",5.279,
"GBR","PENSIONEXP","PUB","PC_GDP","A","1986",5.248,
"GBR","PENSIONEXP","PUB","PC_GDP","A","1987",4.941,
"GBR","PENSIONEXP","PUB","PC_GDP","A","1988",4.537,
"GBR","PENSIONEXP","PUB","PC_GDP","A","1989",4.311,
"GBR","PENSIONEXP","PUB","PC_GDP","A","1990",4.473,
"GBR","PENSIONEXP","PUB","PC_GDP","A","1991",4.846,
"GBR","PENSIONEXP","PUB","PC_GDP","A","1992",5.122,
"GBR","PENSIONEXP","PUB","PC_GDP","A","1993",5.186,
"GBR","PENSIONEXP","PUB","PC_GDP","A","1994",4.957,
"GBR","PENSIONEXP","PUB","PC_GDP","A","1995",4.646,
"GBR","PENSIONEXP","PUB","PC_GDP","A","1996",4.646,
"GBR","PENSIONEXP","PUB","PC_GDP","A","1997",4.636,
"GBR","PENSIONEXP","PUB","PC_GDP","A","1998",4.657,
"GBR","PENSIONEXP","PUB","PC_GDP","A","1999",4.78,
"GBR","PENSIONEXP","PUB","PC_GDP","A","2000",4.799,
"GBR","PENSIONEXP","PUB","PC_GDP","A","2001",4.969,
"GBR","PENSIONEXP","PUB","PC_GDP","A","2002",4.951,
"GBR","PENSIONEXP","PUB","PC_GDP","A","2003",4.942,
"GBR","PENSIONEXP","PUB","PC_GDP","A","2004",5.037,
"GBR","PENSIONEXP","PUB","PC_GDP","A","2005",5.047,
"GBR","PENSIONEXP","PUB","PC_GDP","A","2006",4.795,
"GBR","PENSIONEXP","PUB","PC_GDP","A","2007",5.38,
"GBR","PENSIONEXP","PUB","PC_GDP","A","2008",5.779,
"GBR","PENSIONEXP","PUB","PC_GDP","A","2009",6.256,
"GBR","PENSIONEXP","PUB","PC_GDP","A","2010",6.288,
"GBR","PENSIONEXP","PUB","PC_GDP","A","2011",6.318,
"GBR","PENSIONEXP","PUB","PC_GDP","A","2012",6.468,
"GBR","PENSIONEXP","PUB","PC_GDP","A","2013",6.381,
"GBR","PENSIONEXP","PUB","PC_GDP","A","2014",6.325,
"GBR","PENSIONEXP","PUB","PC_GDP","A","2015",6.238,
"USA","PENSIONEXP","PRIV","PC_GDP","A","1993",3.0984792029435,
"USA","PENSIONEXP","PRIV","PC_GDP","A","1994",3.0972294121838,
"USA","PENSIONEXP","PRIV","PC_GDP","A","1995",3.2932122223282,
"USA","PENSIONEXP","PRIV","PC_GDP","A","1996",3.583491555338,
"USA","PENSIONEXP","PRIV","PC_GDP","A","1997",3.6585732223151,
"USA","PENSIONEXP","PRIV","PC_GDP","A","1998",4.0199043774297,
"USA","PENSIONEXP","PRIV","PC_GDP","A","1999",4.2987243223888,
"USA","PENSIONEXP","PRIV","PC_GDP","A","2000",4.4272826069146,
"USA","PENSIONEXP","PRIV","PC_GDP","A","2001",3.8841085858087,
"USA","PENSIONEXP","PRIV","PC_GDP","A","2002",3.8760340769135,
"USA","PENSIONEXP","PRIV","PC_GDP","A","2003",3.6861317369015,
"USA","PENSIONEXP","PRIV","PC_GDP","A","2004",3.7998900360328,
"USA","PENSIONEXP","PRIV","PC_GDP","A","2005",3.7932790375844,
"USA","PENSIONEXP","PRIV","PC_GDP","A","2006",4.0634761173768,
"USA","PENSIONEXP","PRIV","PC_GDP","A","2007",4.2465555550183,
"USA","PENSIONEXP","PRIV","PC_GDP","A","2008",4.129156271083,
"USA","PENSIONEXP","PRIV","PC_GDP","A","2009",4.1450505175903,
"USA","PENSIONEXP","PRIV","PC_GDP","A","2010",4.3941298670576,
"USA","PENSIONEXP","PRIV","PC_GDP","A","2011",4.4315986732767,
"USA","PENSIONEXP","PRIV","PC_GDP","A","2012",4.77460480785,
"USA","PENSIONEXP","PRIV","PC_GDP","A","2013",5.2105927582516,
"USA","PENSIONEXP","PUB","PC_GDP","A","1980",5.956,
"USA","PENSIONEXP","PUB","PC_GDP","A","1981",6.228,
"USA","PENSIONEXP","PUB","PC_GDP","A","1982",6.558,
"USA","PENSIONEXP","PUB","PC_GDP","A","1983",6.484,
"USA","PENSIONEXP","PUB","PC_GDP","A","1984",6.206,
"USA","PENSIONEXP","PUB","PC_GDP","A","1985",6.018,
"USA","PENSIONEXP","PUB","PC_GDP","A","1986",6.022,
"USA","PENSIONEXP","PUB","PC_GDP","A","1987",5.932,
"USA","PENSIONEXP","PUB","PC_GDP","A","1988",5.897,
"USA","PENSIONEXP","PUB","PC_GDP","A","1989",5.811,
"USA","PENSIONEXP","PUB","PC_GDP","A","1990",5.825,
"USA","PENSIONEXP","PUB","PC_GDP","A","1991",6.057,
"USA","PENSIONEXP","PUB","PC_GDP","A","1992",6.089,
"USA","PENSIONEXP","PUB","PC_GDP","A","1993",6.094,
"USA","PENSIONEXP","PUB","PC_GDP","A","1994",6.039,
"USA","PENSIONEXP","PUB","PC_GDP","A","1995",6.024,
"USA","PENSIONEXP","PUB","PC_GDP","A","1996",5.938,
"USA","PENSIONEXP","PUB","PC_GDP","A","1997",5.909,
"USA","PENSIONEXP","PUB","PC_GDP","A","1998",5.802,
"USA","PENSIONEXP","PUB","PC_GDP","A","1999",5.665,
"USA","PENSIONEXP","PUB","PC_GDP","A","2000",5.635,
"USA","PENSIONEXP","PUB","PC_GDP","A","2001",5.706,
"USA","PENSIONEXP","PUB","PC_GDP","A","2002",5.835,
"USA","PENSIONEXP","PUB","PC_GDP","A","2003",5.838,
"USA","PENSIONEXP","PUB","PC_GDP","A","2004",5.774,
"USA","PENSIONEXP","PUB","PC_GDP","A","2005",5.716,
"USA","PENSIONEXP","PUB","PC_GDP","A","2006",5.697,
"USA","PENSIONEXP","PUB","PC_GDP","A","2007",5.772,
"USA","PENSIONEXP","PUB","PC_GDP","A","2008",5.947,
"USA","PENSIONEXP","PUB","PC_GDP","A","2009",6.524,
"USA","PENSIONEXP","PUB","PC_GDP","A","2010",6.625,
"USA","PENSIONEXP","PUB","PC_GDP","A","2011",6.721,
"USA","PENSIONEXP","PUB","PC_GDP","A","2012",6.77,
"USA","PENSIONEXP","PUB","PC_GDP","A","2013",6.935,
"USA","PENSIONEXP","PUB","PC_GDP","A","2014",6.996,
"USA","PENSIONEXP","PUB","PC_GDP","A","2015",7.053,
"USA","PENSIONEXP","PUB","PC_GDP","A","2016",7.165,
"USA","PENSIONEXP","PUB","PC_GDP","A","2017",7.056,
"CHL","PENSIONEXP","PRIV","PC_GDP","A","2007",1.8839611344491,
"CHL","PENSIONEXP","PRIV","PC_GDP","A","2008",1.9894007893536,
"CHL","PENSIONEXP","PRIV","PC_GDP","A","2009",1.6873658535569,
"CHL","PENSIONEXP","PRIV","PC_GDP","A","2010",1.9397786247983,
"CHL","PENSIONEXP","PRIV","PC_GDP","A","2011",2.176725877958,
"CHL","PENSIONEXP","PRIV","PC_GDP","A","2012",2.260427044061,
"CHL","PENSIONEXP","PRIV","PC_GDP","A","2013",2.2635613116575,
"CHL","PENSIONEXP","PUB","PC_GDP","A","1987",9.539,
"CHL","PENSIONEXP","PUB","PC_GDP","A","1988",8.413,
"CHL","PENSIONEXP","PUB","PC_GDP","A","1989",8.019,
"CHL","PENSIONEXP","PUB","PC_GDP","A","1990",7.995,
"CHL","PENSIONEXP","PUB","PC_GDP","A","1991",7.9,
"CHL","PENSIONEXP","PUB","PC_GDP","A","1992",7.488,
"CHL","PENSIONEXP","PUB","PC_GDP","A","1993",7.542,
"CHL","PENSIONEXP","PUB","PC_GDP","A","1994",7.299,
"CHL","PENSIONEXP","PUB","PC_GDP","A","1995",6.685,
"CHL","PENSIONEXP","PUB","PC_GDP","A","1996",7.207,
"CHL","PENSIONEXP","PUB","PC_GDP","A","1997",6.934,
"CHL","PENSIONEXP","PUB","PC_GDP","A","1998",6.96,
"CHL","PENSIONEXP","PUB","PC_GDP","A","1999",7.363,
"CHL","PENSIONEXP","PUB","PC_GDP","A","2000",4.99,
"CHL","PENSIONEXP","PUB","PC_GDP","A","2001",4.612,
"CHL","PENSIONEXP","PUB","PC_GDP","A","2002",4.522,
"CHL","PENSIONEXP","PUB","PC_GDP","A","2003",4.337,
"CHL","PENSIONEXP","PUB","PC_GDP","A","2004",3.844,
"CHL","PENSIONEXP","PUB","PC_GDP","A","2005",3.69,
"CHL","PENSIONEXP","PUB","PC_GDP","A","2006",3.248,
"CHL","PENSIONEXP","PUB","PC_GDP","A","2007",3.09,
"CHL","PENSIONEXP","PUB","PC_GDP","A","2008",3.308,
"CHL","PENSIONEXP","PUB","PC_GDP","A","2009",3.545,
"CHL","PENSIONEXP","PUB","PC_GDP","A","2010",3.387,
"CHL","PENSIONEXP","PUB","PC_GDP","A","2011",3.214,
"CHL","PENSIONEXP","PUB","PC_GDP","A","2012",3.114,
"CHL","PENSIONEXP","PUB","PC_GDP","A","2013",2.985,
"CHL","PENSIONEXP","PUB","PC_GDP","A","2014",2.939,
"CHL","PENSIONEXP","PUB","PC_GDP","A","2015",2.898,
"CHL","PENSIONEXP","PUB","PC_GDP","A","2016",2.825,
"CHL","PENSIONEXP","PUB","PC_GDP","A","2017",2.821,
"EST","PENSIONEXP","PRIV","PC_GDP","A","2001",0,
"EST","PENSIONEXP","PRIV","PC_GDP","A","2002",0,
"EST","PENSIONEXP","PRIV","PC_GDP","A","2003",0,
"EST","PENSIONEXP","PRIV","PC_GDP","A","2004",0,
"EST","PENSIONEXP","PRIV","PC_GDP","A","2009",0.0244106677017,
"EST","PENSIONEXP","PRIV","PC_GDP","A","2010",0.02042169460567,
"EST","PENSIONEXP","PRIV","PC_GDP","A","2011",0.01706921566954,
"EST","PENSIONEXP","PRIV","PC_GDP","A","2012",0.0199016822875,
"EST","PENSIONEXP","PRIV","PC_GDP","A","2013",0.08762567506991,
"EST","PENSIONEXP","PUB","PC_GDP","A","1999",6.64,
"EST","PENSIONEXP","PUB","PC_GDP","A","2000",6.011,
"EST","PENSIONEXP","PUB","PC_GDP","A","2001",5.499,
"EST","PENSIONEXP","PUB","PC_GDP","A","2002",5.452,
"EST","PENSIONEXP","PUB","PC_GDP","A","2003",5.426,
"EST","PENSIONEXP","PUB","PC_GDP","A","2004",5.467,
"EST","PENSIONEXP","PUB","PC_GDP","A","2005",5.293,
"EST","PENSIONEXP","PUB","PC_GDP","A","2006",5.257,
"EST","PENSIONEXP","PUB","PC_GDP","A","2007",5.092,
"EST","PENSIONEXP","PUB","PC_GDP","A","2008",6.141,
"EST","PENSIONEXP","PUB","PC_GDP","A","2009",7.777,
"EST","PENSIONEXP","PUB","PC_GDP","A","2010",7.585,
"EST","PENSIONEXP","PUB","PC_GDP","A","2011",6.703,
"EST","PENSIONEXP","PUB","PC_GDP","A","2012",6.503,
"EST","PENSIONEXP","PUB","PC_GDP","A","2013",6.455,
"EST","PENSIONEXP","PUB","PC_GDP","A","2014",6.519,
"EST","PENSIONEXP","PUB","PC_GDP","A","2015",7,
"ISR","PENSIONEXP","PRIV","PC_GDP","A","2001",1.6290498002552,
"ISR","PENSIONEXP","PRIV","PC_GDP","A","2002",1.4096366195487,
"ISR","PENSIONEXP","PRIV","PC_GDP","A","2003",1.5583159987693,
"ISR","PENSIONEXP","PRIV","PC_GDP","A","2004",1.5051924686248,
"ISR","PENSIONEXP","PRIV","PC_GDP","A","2005",1.4846696334998,
"ISR","PENSIONEXP","PRIV","PC_GDP","A","2006",1.6727472917788,
"ISR","PENSIONEXP","PRIV","PC_GDP","A","2007",1.5955122196803,
"ISR","PENSIONEXP","PRIV","PC_GDP","A","2008",1.5950825292976,
"ISR","PENSIONEXP","PRIV","PC_GDP","A","2009",1.6188850505317,
"ISR","PENSIONEXP","PRIV","PC_GDP","A","2010",1.6061894171703,
"ISR","PENSIONEXP","PRIV","PC_GDP","A","2011",1.6253062507192,
"ISR","PENSIONEXP","PRIV","PC_GDP","A","2012",1.613463942195,
"ISR","PENSIONEXP","PRIV","PC_GDP","A","2013",1.6604244797983,
"ISR","PENSIONEXP","PUB","PC_GDP","A","1995",4.522,
"ISR","PENSIONEXP","PUB","PC_GDP","A","1996",4.571,
"ISR","PENSIONEXP","PUB","PC_GDP","A","1997",4.662,
"ISR","PENSIONEXP","PUB","PC_GDP","A","1998",4.619,
"ISR","PENSIONEXP","PUB","PC_GDP","A","1999",4.571,
"ISR","PENSIONEXP","PUB","PC_GDP","A","2000",4.508,
"ISR","PENSIONEXP","PUB","PC_GDP","A","2001",4.919,
"ISR","PENSIONEXP","PUB","PC_GDP","A","2002",4.905,
"ISR","PENSIONEXP","PUB","PC_GDP","A","2003",4.948,
"ISR","PENSIONEXP","PUB","PC_GDP","A","2004",4.833,
"ISR","PENSIONEXP","PUB","PC_GDP","A","2005",4.684,
"ISR","PENSIONEXP","PUB","PC_GDP","A","2006",4.636,
"ISR","PENSIONEXP","PUB","PC_GDP","A","2007",4.502,
"ISR","PENSIONEXP","PUB","PC_GDP","A","2008",4.466,
"ISR","PENSIONEXP","PUB","PC_GDP","A","2009",4.703,
"ISR","PENSIONEXP","PUB","PC_GDP","A","2010",4.775,
"ISR","PENSIONEXP","PUB","PC_GDP","A","2011",4.76,
"ISR","PENSIONEXP","PUB","PC_GDP","A","2012",4.881,
"ISR","PENSIONEXP","PUB","PC_GDP","A","2013",4.76,
"ISR","PENSIONEXP","PUB","PC_GDP","A","2014",4.864,
"ISR","PENSIONEXP","PUB","PC_GDP","A","2015",4.777,
"ISR","PENSIONEXP","PUB","PC_GDP","A","2016",4.738,
"ISR","PENSIONEXP","PUB","PC_GDP","A","2017",4.777,
"SVN","PENSIONEXP","PRIV","PC_GDP","A","2003",0.00256736187314,
"SVN","PENSIONEXP","PRIV","PC_GDP","A","2004",0.00456109756371,
"SVN","PENSIONEXP","PRIV","PC_GDP","A","2005",0.00695737076073,
"SVN","PENSIONEXP","PRIV","PC_GDP","A","2006",0.01767076566245,
"SVN","PENSIONEXP","PRIV","PC_GDP","A","2007",0.02484098473513,
"SVN","PENSIONEXP","PRIV","PC_GDP","A","2008",0.03584339889121,
"SVN","PENSIONEXP","PRIV","PC_GDP","A","2009",0.02051140222086,
"SVN","PENSIONEXP","PRIV","PC_GDP","A","2010",0.04146192393069,
"SVN","PENSIONEXP","PRIV","PC_GDP","A","2011",0.4960874976945,
"SVN","PENSIONEXP","PRIV","PC_GDP","A","2012",0.88656144117647,
"SVN","PENSIONEXP","PRIV","PC_GDP","A","2013",0.51066919712815,
"SVN","PENSIONEXP","PUB","PC_GDP","A","1996",10.226,
"SVN","PENSIONEXP","PUB","PC_GDP","A","1997",10.287,
"SVN","PENSIONEXP","PUB","PC_GDP","A","1998",10.375,
"SVN","PENSIONEXP","PUB","PC_GDP","A","1999",10.259,
"SVN","PENSIONEXP","PUB","PC_GDP","A","2000",10.325,
"SVN","PENSIONEXP","PUB","PC_GDP","A","2001",10.516,
"SVN","PENSIONEXP","PUB","PC_GDP","A","2002",10.748,
"SVN","PENSIONEXP","PUB","PC_GDP","A","2003",10.108,
"SVN","PENSIONEXP","PUB","PC_GDP","A","2004",9.955,
"SVN","PENSIONEXP","PUB","PC_GDP","A","2005",9.721,
"SVN","PENSIONEXP","PUB","PC_GDP","A","2006",9.845,
"SVN","PENSIONEXP","PUB","PC_GDP","A","2007",9.487,
"SVN","PENSIONEXP","PUB","PC_GDP","A","2008",9.338,
"SVN","PENSIONEXP","PUB","PC_GDP","A","2009",10.615,
"SVN","PENSIONEXP","PUB","PC_GDP","A","2010",10.967,
"SVN","PENSIONEXP","PUB","PC_GDP","A","2011",11.164,
"SVN","PENSIONEXP","PUB","PC_GDP","A","2012",11.333,
"SVN","PENSIONEXP","PUB","PC_GDP","A","2013",11.695,
"SVN","PENSIONEXP","PUB","PC_GDP","A","2014",11.356,
"SVN","PENSIONEXP","PUB","PC_GDP","A","2015",11.144,
"OECD","PENSIONEXP","PUB","PC_GDP","A","1980",5.534,
"OECD","PENSIONEXP","PUB","PC_GDP","A","1981",5.755,
"OECD","PENSIONEXP","PUB","PC_GDP","A","1982",5.972,
"OECD","PENSIONEXP","PUB","PC_GDP","A","1983",6.046,
"OECD","PENSIONEXP","PUB","PC_GDP","A","1984",6.024,
"OECD","PENSIONEXP","PUB","PC_GDP","A","1985",6.071,
"OECD","PENSIONEXP","PUB","PC_GDP","A","1986",6.052,
"OECD","PENSIONEXP","PUB","PC_GDP","A","1987",6.079,
"OECD","PENSIONEXP","PUB","PC_GDP","A","1988",5.999,
"OECD","PENSIONEXP","PUB","PC_GDP","A","1989",5.942,
"OECD","PENSIONEXP","PUB","PC_GDP","A","1990",6.128,
"OECD","PENSIONEXP","PUB","PC_GDP","A","1991",6.311,
"OECD","PENSIONEXP","PUB","PC_GDP","A","1992",6.499,
"OECD","PENSIONEXP","PUB","PC_GDP","A","1993",6.63,
"OECD","PENSIONEXP","PUB","PC_GDP","A","1994",6.621,
"OECD","PENSIONEXP","PUB","PC_GDP","A","1995",6.659,
"OECD","PENSIONEXP","PUB","PC_GDP","A","1996",6.698,
"OECD","PENSIONEXP","PUB","PC_GDP","A","1997",6.648,
"OECD","PENSIONEXP","PUB","PC_GDP","A","1998",6.601,
"OECD","PENSIONEXP","PUB","PC_GDP","A","1999",6.539,
"OECD","PENSIONEXP","PUB","PC_GDP","A","2000",6.591,
"OECD","PENSIONEXP","PUB","PC_GDP","A","2001",6.594,
"OECD","PENSIONEXP","PUB","PC_GDP","A","2002",6.663,
"OECD","PENSIONEXP","PUB","PC_GDP","A","2003",6.704,
"OECD","PENSIONEXP","PUB","PC_GDP","A","2004",6.653,
"OECD","PENSIONEXP","PUB","PC_GDP","A","2005",6.669,
"OECD","PENSIONEXP","PUB","PC_GDP","A","2006",6.596,
"OECD","PENSIONEXP","PUB","PC_GDP","A","2007",6.6,
"OECD","PENSIONEXP","PUB","PC_GDP","A","2008",6.856,
"OECD","PENSIONEXP","PUB","PC_GDP","A","2009",7.619,
"OECD","PENSIONEXP","PUB","PC_GDP","A","2010",7.636,
"OECD","PENSIONEXP","PUB","PC_GDP","A","2011",7.645,
"OECD","PENSIONEXP","PUB","PC_GDP","A","2012",7.868,
"OECD","PENSIONEXP","PUB","PC_GDP","A","2013",7.959,
"OECD","PENSIONEXP","PUB","PC_GDP","A","2014",7.967,
"OECD","PENSIONEXP","PUB","PC_GDP","A","2015",7.468,
"SVK","PENSIONEXP","PRIV","PC_GDP","A","2001",0.00000059021695,
"SVK","PENSIONEXP","PRIV","PC_GDP","A","2002",0.00000130814583,
"SVK","PENSIONEXP","PRIV","PC_GDP","A","2010",0.16070471995715,
"SVK","PENSIONEXP","PRIV","PC_GDP","A","2011",0.18671660979649,
"SVK","PENSIONEXP","PRIV","PC_GDP","A","2012",0.20364426256534,
"SVK","PENSIONEXP","PRIV","PC_GDP","A","2013",0.21061728529266,
"BRA","PENSIONEXP","PRIV","PC_GDP","A","2006",0.86426923211974,
"BRA","PENSIONEXP","PRIV","PC_GDP","A","2007",0.79436992674519,
"BRA","PENSIONEXP","PRIV","PC_GDP","A","2008",0.88786488423649,
"BRA","PENSIONEXP","PRIV","PC_GDP","A","2009",0.89480736382613,
"BRA","PENSIONEXP","PRIV","PC_GDP","A","2010",0.94829252759061,
"BRA","PENSIONEXP","PRIV","PC_GDP","A","2011",1.1889529143804,
"BRA","PENSIONEXP","PRIV","PC_GDP","A","2013",0.63671206935144,
"IDN","PENSIONEXP","PRIV","PC_GDP","A","2002",0.13651083573284,
"IDN","PENSIONEXP","PRIV","PC_GDP","A","2003",0.14555479817841,
"IDN","PENSIONEXP","PRIV","PC_GDP","A","2004",0.13572455963783,
"IDN","PENSIONEXP","PRIV","PC_GDP","A","2005",0.12695180744302,
"IDN","PENSIONEXP","PRIV","PC_GDP","A","2006",0.1210463483533,
"IDN","PENSIONEXP","PRIV","PC_GDP","A","2011",0.07204473236689,
"RUS","PENSIONEXP","PRIV","PC_GDP","A","2005",0.07269981044413,
"RUS","PENSIONEXP","PRIV","PC_GDP","A","2006",0.04622809817852,
"RUS","PENSIONEXP","PRIV","PC_GDP","A","2011",0.06450936553129,
"RUS","PENSIONEXP","PRIV","PC_GDP","A","2013",0.11202609522486,
"ZAF","PENSIONEXP","PRIV","PC_GDP","A","2003",4.6112733234816,
"ZAF","PENSIONEXP","PRIV","PC_GDP","A","2004",4.2259789346044,
"ZAF","PENSIONEXP","PRIV","PC_GDP","A","2005",5.4699245488141,
"ZAF","PENSIONEXP","PRIV","PC_GDP","A","2006",5.1512881473694,
"ZAF","PENSIONEXP","PRIV","PC_GDP","A","2007",4.5604875788998,
"ZAF","PENSIONEXP","PRIV","PC_GDP","A","2008",6.2411752315931,
"ZAF","PENSIONEXP","PRIV","PC_GDP","A","2009",5.6801235742199,
"ZAF","PENSIONEXP","PRIV","PC_GDP","A","2010",5.307422035838,
"ZAF","PENSIONEXP","PRIV","PC_GDP","A","2011",3.8950348839053,
"ZAF","PENSIONEXP","PRIV","PC_GDP","A","2012",3.9131020428214,
"ZAF","PENSIONEXP","PRIV","PC_GDP","A","2013",4.3229739505501,
"OAVG","PENSIONEXP","PRIV","PC_GDP","A","2001",1.203616161,
"OAVG","PENSIONEXP","PRIV","PC_GDP","A","2002",1.221668813,
"OAVG","PENSIONEXP","PRIV","PC_GDP","A","2003",1.222303302,
"OAVG","PENSIONEXP","PRIV","PC_GDP","A","2004",1.191678142,
"OAVG","PENSIONEXP","PRIV","PC_GDP","A","2005",1.207159013,
"OAVG","PENSIONEXP","PRIV","PC_GDP","A","2006",1.27812508,
"OAVG","PENSIONEXP","PRIV","PC_GDP","A","2007",1.289693779,
"OAVG","PENSIONEXP","PRIV","PC_GDP","A","2008",1.407794873,
"OAVG","PENSIONEXP","PRIV","PC_GDP","A","2009",1.541248753,
"OAVG","PENSIONEXP","PRIV","PC_GDP","A","2010",1.507693419,
"OAVG","PENSIONEXP","PRIV","PC_GDP","A","2011",1.60430454,
"OAVG","PENSIONEXP","PRIV","PC_GDP","A","2012",1.582844381,
"OAVG","PENSIONEXP","PRIV","PC_GDP","A","2013",1.649862425,
"ALB","PENSIONEXP","PRIV","PC_GDP","A","2007",0,
"ALB","PENSIONEXP","PRIV","PC_GDP","A","2008",0,
"ALB","PENSIONEXP","PRIV","PC_GDP","A","2009",0,
"ALB","PENSIONEXP","PRIV","PC_GDP","A","2010",0,
"ALB","PENSIONEXP","PRIV","PC_GDP","A","2011",0.00215052314876,
"ALB","PENSIONEXP","PRIV","PC_GDP","A","2012",0.00079229407997,
"ALB","PENSIONEXP","PRIV","PC_GDP","A","2013",0.00095842999102,
"BGR","PENSIONEXP","PRIV","PC_GDP","A","2001",0.11224815125546,
"BGR","PENSIONEXP","PRIV","PC_GDP","A","2002",0.17090711992577,
"BGR","PENSIONEXP","PRIV","PC_GDP","A","2003",0.07176415561932,
"BGR","PENSIONEXP","PRIV","PC_GDP","A","2004",0.05938687682607,
"BGR","PENSIONEXP","PRIV","PC_GDP","A","2005",0.06483634122436,
"BGR","PENSIONEXP","PRIV","PC_GDP","A","2006",0.10080511227913,
"BGR","PENSIONEXP","PRIV","PC_GDP","A","2007",0.08548694811197,
"BGR","PENSIONEXP","PRIV","PC_GDP","A","2008",0.18564101659757,
"BGR","PENSIONEXP","PRIV","PC_GDP","A","2009",0.08585863242977,
"BGR","PENSIONEXP","PRIV","PC_GDP","A","2010",0.08183092163047,
"BGR","PENSIONEXP","PRIV","PC_GDP","A","2011",0.07325922594517,
"BGR","PENSIONEXP","PRIV","PC_GDP","A","2012",0.06668009318002,
"BGR","PENSIONEXP","PRIV","PC_GDP","A","2013",0.06535213143634,
"COL","PENSIONEXP","PRIV","PC_GDP","A","2005",0.01229641693811,
"COL","PENSIONEXP","PRIV","PC_GDP","A","2006",0.00089875769345,
"COL","PENSIONEXP","PRIV","PC_GDP","A","2007",0.00089451414149,
"COL","PENSIONEXP","PRIV","PC_GDP","A","2008",0.00023495741397,
"COL","PENSIONEXP","PRIV","PC_GDP","A","2009",0.1088330458796,
"COL","PENSIONEXP","PRIV","PC_GDP","A","2010",0.72222526025464,
"EGY","PENSIONEXP","PRIV","PC_GDP","A","2008",0.2967527638191,
"HKG","PENSIONEXP","PRIV","PC_GDP","A","2001",0,
"HKG","PENSIONEXP","PRIV","PC_GDP","A","2002",0,
"HKG","PENSIONEXP","PRIV","PC_GDP","A","2003",0,
"HKG","PENSIONEXP","PRIV","PC_GDP","A","2004",0,
"HKG","PENSIONEXP","PRIV","PC_GDP","A","2005",0,
"HKG","PENSIONEXP","PRIV","PC_GDP","A","2006",0,
"LVA","PENSIONEXP","PRIV","PC_GDP","A","2009",1.5844909708795,
"LVA","PENSIONEXP","PRIV","PC_GDP","A","2010",1.9963167851603,
"LVA","PENSIONEXP","PRIV","PC_GDP","A","2011",1.9698724963289,
"LVA","PENSIONEXP","PRIV","PC_GDP","A","2012",1.5880119540121,
"LVA","PENSIONEXP","PRIV","PC_GDP","A","2013",1.1837782894055,
"LIE","PENSIONEXP","PRIV","PC_GDP","A","2007",3.4180034037006,
"LIE","PENSIONEXP","PRIV","PC_GDP","A","2008",3.9418936351909,
"LIE","PENSIONEXP","PRIV","PC_GDP","A","2009",4.8047496633615,
"LIE","PENSIONEXP","PRIV","PC_GDP","A","2010",6.4491359142706,
"LIE","PENSIONEXP","PRIV","PC_GDP","A","2011",6.7277471503404,
"LIE","PENSIONEXP","PRIV","PC_GDP","A","2012",3.3265964475883,
"LIE","PENSIONEXP","PRIV","PC_GDP","A","2013",3.1093363757368,
"MKD","PENSIONEXP","PRIV","PC_GDP","A","2007",0.0000712349872,
"MKD","PENSIONEXP","PRIV","PC_GDP","A","2008",0.00010200907698,
"MKD","PENSIONEXP","PRIV","PC_GDP","A","2009",0.00059574444973,
"MKD","PENSIONEXP","PRIV","PC_GDP","A","2010",0.00121627730231,
"MKD","PENSIONEXP","PRIV","PC_GDP","A","2011",0.00056112748259,
"MKD","PENSIONEXP","PRIV","PC_GDP","A","2012",0.00355195506268,
"MKD","PENSIONEXP","PRIV","PC_GDP","A","2013",0.00473010956552,
"MLT","PENSIONEXP","PRIV","PC_GDP","A","2011",0.03293780964798,
"MLT","PENSIONEXP","PRIV","PC_GDP","A","2012",0.31013008580127,
"MLT","PENSIONEXP","PRIV","PC_GDP","A","2013",0.94577121930079,
"NGA","PENSIONEXP","PRIV","PC_GDP","A","2007",0.05397603008348,
"NGA","PENSIONEXP","PRIV","PC_GDP","A","2008",0.17158970601028,
"NGA","PENSIONEXP","PRIV","PC_GDP","A","2009",0.13775381639405,
"NGA","PENSIONEXP","PRIV","PC_GDP","A","2010",0.14572011390074,
"NGA","PENSIONEXP","PRIV","PC_GDP","A","2011",0.27021020653797,
"NGA","PENSIONEXP","PRIV","PC_GDP","A","2012",0.23545574553291,
"NGA","PENSIONEXP","PRIV","PC_GDP","A","2013",0.38316273986295,
"PAK","PENSIONEXP","PRIV","PC_GDP","A","2007",0,
"PAK","PENSIONEXP","PRIV","PC_GDP","A","2008",0,
"PAK","PENSIONEXP","PRIV","PC_GDP","A","2009",0,
"PAK","PENSIONEXP","PRIV","PC_GDP","A","2010",0,
"PAK","PENSIONEXP","PRIV","PC_GDP","A","2011",0,
"PAK","PENSIONEXP","PRIV","PC_GDP","A","2012",0.00118816889122,
"PAK","PENSIONEXP","PRIV","PC_GDP","A","2013",0.00016637383119,
"PER","PENSIONEXP","PRIV","PC_GDP","A","2001",0.06025816476785,
"PER","PENSIONEXP","PRIV","PC_GDP","A","2002",0.07300270245917,
"PER","PENSIONEXP","PRIV","PC_GDP","A","2003",0.10231186970602,
"PER","PENSIONEXP","PRIV","PC_GDP","A","2004",0.12818346816222,
"PER","PENSIONEXP","PRIV","PC_GDP","A","2005",0.1500440732863,
"PER","PENSIONEXP","PRIV","PC_GDP","A","2006",0.1568315229389,
"PER","PENSIONEXP","PRIV","PC_GDP","A","2007",0.15431711096057,
"PER","PENSIONEXP","PRIV","PC_GDP","A","2008",0.14724166574342,
"PER","PENSIONEXP","PRIV","PC_GDP","A","2009",0.15257678002958,
"PER","PENSIONEXP","PRIV","PC_GDP","A","2010",0.15504405938485,
"PER","PENSIONEXP","PRIV","PC_GDP","A","2011",0.17390094930778,
"PER","PENSIONEXP","PRIV","PC_GDP","A","2012",0.17999234973923,
"PER","PENSIONEXP","PRIV","PC_GDP","A","2013",0.19172164587182,
"ROU","PENSIONEXP","PRIV","PC_GDP","A","2009",0.00007018482482,
"ROU","PENSIONEXP","PRIV","PC_GDP","A","2011",0.00025769733535,
"ROU","PENSIONEXP","PRIV","PC_GDP","A","2012",0.00062637079103,
"ROU","PENSIONEXP","PRIV","PC_GDP","A","2013",0.00116812097337,
"THA","PENSIONEXP","PRIV","PC_GDP","A","2007",0.46341160603791,
"THA","PENSIONEXP","PRIV","PC_GDP","A","2008",0.59351409339415,
"THA","PENSIONEXP","PRIV","PC_GDP","A","2009",0.52694996688068,
"THA","PENSIONEXP","PRIV","PC_GDP","A","2010",0.42456961879879,
"THA","PENSIONEXP","PRIV","PC_GDP","A","2011",0.50176223683863,
"THA","PENSIONEXP","PRIV","PC_GDP","A","2012",0.50217984520739,
"THA","PENSIONEXP","PRIV","PC_GDP","A","2013",0.48292175910987,
"UKR","PENSIONEXP","PRIV","PC_GDP","A","2008",0.00287957673386,
"UKR","PENSIONEXP","PRIV","PC_GDP","A","2010",0.01465702379033,
"UKR","PENSIONEXP","PRIV","PC_GDP","A","2011",0.00398464297061,
"SRB","PENSIONEXP","PRIV","PC_GDP","A","2007",0.00600238057063,
"SRB","PENSIONEXP","PRIV","PC_GDP","A","2009",0.01557190321448,
"SRB","PENSIONEXP","PRIV","PC_GDP","A","2010",0.01493670045829,
"SRB","PENSIONEXP","PRIV","PC_GDP","A","2011",0.01518816398358,
"SRB","PENSIONEXP","PRIV","PC_GDP","A","2012",0.0209712460313,
"SRB","PENSIONEXP","PRIV","PC_GDP","A","2013",0.02438340817728,
"JPN","PENSIONEXP","PRIV","PC_GDP","A","2001",0.46965343416745,
"JPN","PENSIONEXP","PRIV","PC_GDP","A","2002",0.52205763031732,
"JPN","PENSIONEXP","PRIV","PC_GDP","A","2003",0.43390802293573,
"JPN","PENSIONEXP","PRIV","PC_GDP","A","2004",0.31865066138231,
"JPN","PENSIONEXP","PRIV","PC_GDP","A","2005",0.24052585517451,
"CRI","PENSIONEXP","PRIV","PC_GDP","A","2008",0.1554067785644,
"CRI","PENSIONEXP","PRIV","PC_GDP","A","2009",0.15361942146145,
"CRI","PENSIONEXP","PRIV","PC_GDP","A","2010",0.06943734486763,
"CRI","PENSIONEXP","PRIV","PC_GDP","A","2011",0.0517732959713,
"CRI","PENSIONEXP","PRIV","PC_GDP","A","2012",0.12377813796428,
"CRI","PENSIONEXP","PRIV","PC_GDP","A","2013",0.14863921943845,
"KEN","PENSIONEXP","PRIV","PC_GDP","A","2008",0.20539203801121,
"KEN","PENSIONEXP","PRIV","PC_GDP","A","2009",0.13987082295444,
"KEN","PENSIONEXP","PRIV","PC_GDP","A","2010",0.97516496230133,
"KEN","PENSIONEXP","PRIV","PC_GDP","A","2011",0.54215477346797,
"KEN","PENSIONEXP","PRIV","PC_GDP","A","2013",0.59231921734276,
"MUS","PENSIONEXP","PRIV","PC_GDP","A","2012",0.11918523198042,
"MUS","PENSIONEXP","PRIV","PC_GDP","A","2013",0.17188516252171,
"NAM","PENSIONEXP","PRIV","PC_GDP","A","2010",3.1332433055925,
"NAM","PENSIONEXP","PRIV","PC_GDP","A","2011",2.5854550297184,
"NAM","PENSIONEXP","PRIV","PC_GDP","A","2012",2.6951699508499,
"NAM","PENSIONEXP","PRIV","PC_GDP","A","2013",3.1082025717343,
"TTO","PENSIONEXP","PRIV","PC_GDP","A","2006",0.46025436584905,
"TTO","PENSIONEXP","PRIV","PC_GDP","A","2007",0.40624304047024,
"TTO","PENSIONEXP","PRIV","PC_GDP","A","2009",0.80730500085339,
"TTO","PENSIONEXP","PRIV","PC_GDP","A","2011",0.53961752708161,
"TTO","PENSIONEXP","PRIV","PC_GDP","A","2012",0.60243787777931,
"LVA","PENSIONEXP","PUB","PC_GDP","A","1994",0,
"LVA","PENSIONEXP","PUB","PC_GDP","A","1995",0,
"LVA","PENSIONEXP","PUB","PC_GDP","A","1996",0,
"LVA","PENSIONEXP","PUB","PC_GDP","A","1997",8.256,
"LVA","PENSIONEXP","PUB","PC_GDP","A","1998",8.74,
"LVA","PENSIONEXP","PUB","PC_GDP","A","1999",9.591,
"LVA","PENSIONEXP","PUB","PC_GDP","A","2000",8.654,
"LVA","PENSIONEXP","PUB","PC_GDP","A","2001",7.836,
"LVA","PENSIONEXP","PUB","PC_GDP","A","2002",7.397,
"LVA","PENSIONEXP","PUB","PC_GDP","A","2003",6.581,
"LVA","PENSIONEXP","PUB","PC_GDP","A","2004",5.964,
"LVA","PENSIONEXP","PUB","PC_GDP","A","2005",5.476,
"LVA","PENSIONEXP","PUB","PC_GDP","A","2006",5.211,
"LVA","PENSIONEXP","PUB","PC_GDP","A","2007",4.527,
"LVA","PENSIONEXP","PUB","PC_GDP","A","2008",5.186,
"LVA","PENSIONEXP","PUB","PC_GDP","A","2009",7.539,
"LVA","PENSIONEXP","PUB","PC_GDP","A","2010",9.284,
"LVA","PENSIONEXP","PUB","PC_GDP","A","2011",7.9,
"LVA","PENSIONEXP","PUB","PC_GDP","A","2012",7.543,
"LVA","PENSIONEXP","PUB","PC_GDP","A","2013",7.465,
"LVA","PENSIONEXP","PUB","PC_GDP","A","2014",7.161,
"LVA","PENSIONEXP","PUB","PC_GDP","A","2015",7.021,
"LTU","PENSIONEXP","PUB","PC_GDP","A","1996",5.825,
"LTU","PENSIONEXP","PUB","PC_GDP","A","1997",6.125,
"LTU","PENSIONEXP","PUB","PC_GDP","A","1998",6.645,
"LTU","PENSIONEXP","PUB","PC_GDP","A","1999",7.432,
"LTU","PENSIONEXP","PUB","PC_GDP","A","2000",7.069,
"LTU","PENSIONEXP","PUB","PC_GDP","A","2001",6.564,
"LTU","PENSIONEXP","PUB","PC_GDP","A","2002",6.244,
"LTU","PENSIONEXP","PUB","PC_GDP","A","2003",5.992,
"LTU","PENSIONEXP","PUB","PC_GDP","A","2004",5.878,
"LTU","PENSIONEXP","PUB","PC_GDP","A","2005",5.698,
"LTU","PENSIONEXP","PUB","PC_GDP","A","2006",5.524,
"LTU","PENSIONEXP","PUB","PC_GDP","A","2007",6.284,
"LTU","PENSIONEXP","PUB","PC_GDP","A","2008",6.676,
"LTU","PENSIONEXP","PUB","PC_GDP","A","2009",8.673,
"LTU","PENSIONEXP","PUB","PC_GDP","A","2010",7.664,
"LTU","PENSIONEXP","PUB","PC_GDP","A","2011",6.905,
"LTU","PENSIONEXP","PUB","PC_GDP","A","2012",6.956,
"LTU","PENSIONEXP","PUB","PC_GDP","A","2013",6.642,
"LTU","PENSIONEXP","PUB","PC_GDP","A","2014",6.843,
"LTU","PENSIONEXP","PUB","PC_GDP","A","2015",6.685,
